label1,label2,overlap,z_score,neg_log_p,correlation,significant
m1.C2,m1.C1,0,-0.8348213228947893,0.39381398414226276,0.8399547171784183,FALSE
m1.C3,m1.C1,0,-3.2669107250763263,2.963658753569968,0.6716304050991687,TRUE
m1.C4,m1.C1,0,-1.287938870097474,0.7038456399152981,0.5344425283658979,FALSE
m1.C5,m1.C1,0,-0.6309922961415001,0.27732860338079385,0.6369545591223926,FALSE
m1.C6,m1.C1,0,-3.417940715614252,3.1999923283060188,0.6876694391497652,TRUE
m1.C7,m1.C1,0,-0.7634580173663695,0.35145431578700326,0.595495282851499,FALSE
m1.C8,m1.C1,0,-4.4201302126538105,5.005940571608206,0.06391616287727164,TRUE
m1.C9,m1.C1,0,-1.5595830395742767,0.9249699482535718,0.07340849872610278,FALSE
m2.C1,m1.C1,0.7714285714285715,22.17973263874155,108.26842557942922,0.9313188647797128,TRUE
m2.C2,m1.C1,0.05714285714285714,-4.0943342607773285,4.373266437339557,0.6209268408923075,TRUE
m2.C3,m1.C1,0.09090909090909091,0.876673996750829,0.41945849605582614,0.6452419400000066,FALSE
m2.C4,m1.C1,0,-2.199182725386798,1.5549420101166687,-0.3570043967257679,TRUE
m2.C5,m1.C1,0,-0.8784256335411359,0.4205447871754842,0.5279888317824311,FALSE
m3.C1,m1.C1,0.8285714285714286,26.823744387183215,157.7675007297068,0.9688149504484859,TRUE
m3.C2,m1.C1,0.02857142857142857,-4.65219797542711,5.483576293034409,0.5049236336167301,TRUE
m3.C3,m1.C1,0,-1.0310418389698344,0.5192441854469348,0.6324963055739338,FALSE
m3.C4,m1.C1,0,-0.6815554237457132,0.3049387158315748,0.7998692867726241,FALSE
m3.C5,m1.C1,0,-1.429593145029272,0.8157805200713765,0.045821521642200436,FALSE
m3.C6,m1.C1,0,-1.776033910446761,1.1207473663529932,-0.8339852292737888,FALSE
m3.C7,m1.C1,0,-0.8518103929999987,0.4041519250108842,-0.4631731548329341,FALSE
m3.C8,m1.C1,0,-0.7525851018980458,0.34515060848740126,-0.3748114646436702,FALSE
m3.C9,m1.C1,0,-0.6597029034285654,0.2929031194257344,-0.374681331499916,FALSE
m3.C10,m1.C1,0,-0.5982409783775368,0.2598907342191411,0.022744084273242815,FALSE
m3.C11,m1.C1,0,-0.8326832231834729,0.3925198755549347,-0.4282620984667054,FALSE
m3.C12,m1.C1,0,-0.46870993647919035,0.1943109315966952,-0.2688800785348002,FALSE
m3.C13,m1.C1,0,-0.4508066074429099,0.1856665272170427,0.16195549313291058,FALSE
m4.C1,m1.C1,0.96,26.263851589684332,151.30401938430532,0.9924989412892886,TRUE
m4.C2,m1.C1,1,5.783534893304351,8.135803441581512,0.7097242546542423,TRUE
m4.C3,m1.C1,0.3,4.607668060557928,5.390181517991415,0.8671790536042896,TRUE
m4.C4,m1.C1,0.02857142857142857,-2.102171417135587,1.4493038072014008,0.4236934908161024,TRUE
m4.C5,m1.C1,0,-0.7023598421948828,0.31654338427634787,0.5446056892586155,FALSE
m4.C6,m1.C1,0,-1.9010726009906822,1.2419021976601397,0.6724620373852676,FALSE
m4.C7,m1.C1,0,-1.6053353962985484,0.964890543184973,-0.21247933445323874,FALSE
m4.C8,m1.C1,0,-0.527105768131545,0.22321157271348255,0.7413636990610054,FALSE
m4.C9,m1.C1,0.02857142857142857,-0.905341944483569,0.4373690389268275,0.3137737916261727,FALSE
m4.C10,m1.C1,0,-0.34149585110106045,0.1350558326436373,0.10682343043958853,FALSE
m4.C11,m1.C1,0,-0.6144417576350335,0.26847291943385626,-0.2565155353407078,FALSE
m4.C12,m1.C1,0,-0.9694675156754339,0.4784540015195446,0.03007078479723002,FALSE
m4.C13,m1.C1,0,-1.2973148559831744,0.7110293205822805,-0.6408175401392882,FALSE
m4.C14,m1.C1,0,-1.0569116239831668,0.5367762459944364,-0.3743221089160518,FALSE
m1.C3,m1.C2,0,-2.2138161603568594,1.571194383930836,0.7857317489825723,TRUE
m1.C4,m1.C2,0,-0.8005209531821108,0.3732398855058142,0.6450359652982784,FALSE
m1.C5,m1.C2,0,-0.4178475002458716,0.17001564599231073,0.38515127401944305,FALSE
m1.C6,m1.C2,0,-2.2316288057783824,1.5910903438063173,0.5350858787800958,TRUE
m1.C7,m1.C2,0,-0.47785784204741955,0.19876689287589336,0.37172848641136536,FALSE
m1.C8,m1.C2,0,-2.9890744603374984,2.5531151486604777,0.19804171893805922,TRUE
m1.C9,m1.C2,0,-1.0191477873765191,0.5112620553794218,-0.18148309712915678,FALSE
m2.C1,m1.C2,0.125,1.6580576158088813,1.0118611042946908,0.9219836133784869,FALSE
m2.C2,m1.C2,0.0625,-2.586114926196487,2.0129393081087312,0.7398951238868215,TRUE
m2.C3,m1.C2,0,-0.44614891149915276,0.18343413898652772,0.5860457720842241,FALSE
m2.C4,m1.C2,0.125,-0.042470547955831606,0.014967313572461267,-0.18260694845670367,FALSE
m2.C5,m1.C2,0,-0.5752224267942118,0.2478432786397906,0.580712229335408,FALSE
m3.C1,m1.C2,0.1875,3.6629997432714796,3.6033146743425597,0.9229385611287103,TRUE
m3.C2,m1.C2,0.0625,-2.8714054566992915,2.388647432532816,0.5850129038446747,TRUE
m3.C3,m1.C2,0,-0.6969105001064856,0.3134899212750899,0.4253655307821138,FALSE
m3.C4,m1.C2,0,-0.4593408274200121,0.18977458574617187,0.46701291182138016,FALSE
m3.C5,m1.C2,0,-0.9523843976938023,0.4673703626086017,-0.0835470217223937,FALSE
m3.C6,m1.C2,0.0625,-0.21837681785521115,0.08242332536673407,-0.8395177257789741,FALSE
m3.C7,m1.C2,0,-0.5733450618150632,0.24686825944626672,-0.405170176021193,FALSE
m3.C8,m1.C2,0,-0.4936714215171206,0.20653213833048106,-0.3772218604100184,FALSE
m3.C9,m1.C2,0.0625,1.8322403366269369,1.174472482643691,-0.627347339879174,FALSE
m3.C10,m1.C2,0,-0.3924221683377547,0.15817375183265756,-0.3063213489621197,FALSE
m3.C11,m1.C2,0,-0.5769646181514134,0.24874911274495637,-0.48294704784581244,FALSE
m3.C12,m1.C2,0,-0.3360227112472579,0.13261870773537887,-0.5734292300196873,FALSE
m3.C13,m1.C2,0,-0.29152079685675947,0.11314110371540409,0.14573153876673284,FALSE
m4.C1,m1.C2,0.0625,1.1073470471409774,0.5716320609765922,0.8731110649347349,FALSE
m4.C2,m1.C2,0,-0.12334179328006849,0.04487221690198643,0.8011469334281257,FALSE
m4.C3,m1.C2,0.1,2.0310519027311797,1.3741760643312608,0.7920371173153196,TRUE
m4.C4,m1.C2,0,-1.7116513172520638,1.0606757485140557,0.551272572027762,FALSE
m4.C5,m1.C2,0,-0.4336248052718725,0.17746520205511174,0.40849081812132626,FALSE
m4.C6,m1.C2,0,-1.318538180948455,0.7274076146379389,0.5707477847623725,FALSE
m4.C7,m1.C2,0.125,0.8266193037131002,0.3888580452803313,-0.07249686696287938,FALSE
m4.C8,m1.C2,0,-0.3487170207677931,0.138285358645065,0.638235613370761,FALSE
m4.C9,m1.C2,0,-1.0243256756240005,0.5147308804403137,0.11543233180458945,FALSE
m4.C10,m1.C2,0,-0.22513280379709635,0.08519372137965242,0.15394214738557566,FALSE
m4.C11,m1.C2,0,-0.4073519279693408,0.16510296001949673,-0.23454891914602083,FALSE
m4.C12,m1.C2,0,-0.6351372519850025,0.2795604370163305,-0.16097788413033043,FALSE
m4.C13,m1.C2,0,-0.9209108568255356,0.44721383499757467,-0.5011111560043691,FALSE
m4.C14,m1.C2,0,-0.6928322155765938,0.31121113786296123,-0.2910518162486395,FALSE
m1.C4,m1.C3,0,-3.0829207574081536,2.6882890839914424,0.9324978921681907,TRUE
m1.C5,m1.C3,0,-1.5240178926866408,0.8944753676304352,0.6602186196915346,FALSE
m1.C6,m1.C3,0,-8.30593883596988,16.00421900034249,0.8201789246879421,TRUE
m1.C7,m1.C3,0,-1.8331559448735595,1.175357595646266,0.5377259735360023,FALSE
m1.C8,m1.C3,0,-10.786196655843755,26.39793680016535,0.6815481010090751,TRUE
m1.C9,m1.C3,0,-3.770776095043343,3.7885039775466782,0.19561852222639908,TRUE
m2.C1,m1.C3,0.125,-0.9812973683893608,0.48618848871904646,0.7207850870711549,FALSE
m2.C2,m1.C3,0.2916666666666667,-2.5421758705388044,1.9579574412733636,0.9453897685357983,TRUE
m2.C3,m1.C3,0.09090909090909091,-0.7695770598775726,0.35501930714867047,0.6955234225221492,FALSE
m2.C4,m1.C3,0.06722689075630252,-3.4539162023384087,3.2576606233496292,0.1591563107665025,TRUE
m2.C5,m1.C3,0.1111111111111111,-0.7835002290648108,0.3631778163293314,0.7567897958111952,FALSE
m3.C1,m1.C3,0.09302325581395349,-0.5821109228707695,0.25143060640879855,0.7916252193115981,FALSE
m3.C2,m1.C3,0.4107142857142857,-0.23205976258429092,0.08804828068415933,0.9477728805242696,FALSE
m3.C3,m1.C3,0.07317073170731707,-0.8939625873768953,0.4302260344882946,0.7406225397549127,FALSE
m3.C4,m1.C3,0,-1.5967309194433241,0.957323307004214,0.5610888703031257,FALSE
m3.C5,m1.C3,0.11688311688311688,-0.05725718340235963,0.020296724029685242,0.3464268372075534,FALSE
m3.C6,m1.C3,0.07339449541284404,-1.5663834380787112,0.9308542661621829,-0.38765979676840034,FALSE
m3.C7,m1.C3,0.1111111111111111,-0.16989568817293135,0.06293761770282608,0.05063472404426239,FALSE
m3.C8,m1.C3,0.05,-0.9500920434216763,0.4658907437404595,0.13047469807850653,FALSE
m3.C9,m1.C3,0.15789473684210525,0.4918375033854418,0.2056275329497576,-0.19619506987224455,FALSE
m3.C10,m1.C3,0.23076923076923078,1.2357210620019574,0.6644172134020038,0.13283654113545817,FALSE
m3.C11,m1.C3,0.037037037037037035,-1.3457296435100508,0.7486301696978603,-0.0024448686799170005,FALSE
m3.C12,m1.C3,0,-1.0862317516271658,0.5569303785228396,-0.39753795304013195,FALSE
m3.C13,m1.C3,0,-1.0504560034972164,0.5323793040209209,0.6093370736446897,FALSE
m4.C1,m1.C3,0,-2.1707482883434515,1.5236002031019982,0.6824308097987819,TRUE
m4.C2,m1.C3,0,-0.39654760117796706,0.16008153423401292,0.32207064196582147,FALSE
m4.C3,m1.C3,0.1,-0.45856389650008,0.18939965196385,0.4233609947751905,FALSE
m4.C4,m1.C3,0.125,-1.2353114433072583,0.6641117963455859,0.933074419294641,FALSE
m4.C5,m1.C3,0,-1.6368213173900465,0.9928165306093435,0.6448880085020497,FALSE
m4.C6,m1.C3,0.17,0.38693251654828625,0.15564327050461182,0.8354780012756013,FALSE
m4.C7,m1.C3,0.07894736842105263,-1.9423572079856595,1.2832133623933333,0.43372490708652645,FALSE
m4.C8,m1.C3,0.125,-0.20168834195249932,0.07563780413408783,0.7810255495840186,FALSE
m4.C9,m1.C3,0.08695652173913043,-1.6190169404610542,0.9769796998772536,0.4131578004212544,FALSE
m4.C10,m1.C3,0,-0.8550129249633202,0.40611166474319943,0.5997674513866993,FALSE
m4.C11,m1.C3,0.18181818181818182,0.22639488399498187,0.08571275640460742,0.25411945969910765,FALSE
m4.C12,m1.C3,0.11538461538461539,-0.5846636523087461,0.2527638886937064,0.13831170871267506,FALSE
m4.C13,m1.C3,0.08163265306122448,-1.4542729846033742,0.8360321197288025,-0.2595814560742289,FALSE
m4.C14,m1.C3,0.030303030303030304,-1.9988080340615328,1.340757828940768,0.17056182679047605,TRUE
m1.C5,m1.C4,0,-0.6001302737775045,0.26088717642554354,0.7409143057486748,FALSE
m1.C6,m1.C4,0,-3.1157842450422812,2.73646702529871,0.8295361255941687,TRUE
m1.C7,m1.C4,0,-0.682942549369861,0.30570800443415985,0.5447735698148382,FALSE
m1.C8,m1.C4,0,-4.05092833416912,4.2923035414763495,0.7899766983759878,TRUE
m1.C9,m1.C4,0,-1.478044037843123,0.8557497150153023,0.3477370652662545,FALSE
m2.C1,m1.C4,0,-1.157482988994169,0.6071710459028059,0.5311827863191712,FALSE
m2.C2,m1.C4,0.4838709677419355,1.283605258802591,0.7005360483932289,0.8606189592341685,FALSE
m2.C3,m1.C4,0,-0.6450401541731899,0.28491535462341205,0.5918023054061975,FALSE
m2.C4,m1.C4,0.03225806451612903,-1.4732737627234416,0.8517761842667932,0.27729556671899047,FALSE
m2.C5,m1.C4,0.05555555555555555,0.6304404439334418,0.2770318842587829,0.6060801377127033,FALSE
m3.C1,m1.C4,0,-0.9766261952463354,0.48312862972987275,0.6514404050178605,FALSE
m3.C2,m1.C4,0.45161290322580644,0.39936667053535996,0.16138823200136218,0.9376162769142643,FALSE
m3.C3,m1.C4,0.03225806451612903,0.07633490405417231,0.02726380827883855,0.7139015673271115,FALSE
m3.C4,m1.C4,0,-0.645174395028197,0.28498816480400285,0.4624057314858926,FALSE
m3.C5,m1.C4,0.03225806451612903,-0.5828506014060901,0.25181672123886006,0.4096390547927813,FALSE
m3.C6,m1.C4,0.03225806451612903,-0.9739269365099469,0.4813639246346343,-0.21964997605998926,FALSE
m3.C7,m1.C4,0,-0.7803302274170274,0.3613145810668001,0.1634487763177428,FALSE
m3.C8,m1.C4,0,-0.6562162036047249,0.2909972932586453,0.281125815139483,FALSE
m3.C9,m1.C4,0.05263157894736842,0.8324213249537533,0.39236146524253124,-0.03617984599634183,FALSE
m3.C10,m1.C4,0.07692307692307693,1.2855669982789542,0.7020333946266376,0.1494899928153811,FALSE
m3.C11,m1.C4,0,-0.7882040847089276,0.36594882928628697,0.11843441081393158,FALSE
m3.C12,m1.C4,0,-0.45279687964099397,0.1866225232480541,-0.29704256566218845,FALSE
m3.C13,m1.C4,0,-0.44962333081322564,0.18509874876240895,0.7567610512606388,FALSE
m4.C1,m1.C4,0,-0.8698393834897091,0.4152299692406254,0.5226664954533259,FALSE
m4.C2,m1.C4,0,-0.16330141190254127,0.06034043687861112,0.12977503868009754,FALSE
m4.C3,m1.C4,0,-0.5504813249372396,0.23508501299045087,0.2610342243879682,FALSE
m4.C4,m1.C4,0.16129032258064516,0.08968512414959154,0.032200581342113,0.9078615778670823,FALSE
m4.C5,m1.C4,0,-0.6615367988123733,0.2939071266318647,0.5323973677103959,FALSE
m4.C6,m1.C4,0.12903225806451613,0.7805248175082121,0.3614288582608757,0.7742538708996085,FALSE
m4.C7,m1.C4,0.03225806451612903,-0.8427069671749654,0.39860025827265855,0.5599930979122336,FALSE
m4.C8,m1.C4,0,-0.483251971059061,0.2014067778016668,0.7452689801718988,FALSE
m4.C9,m1.C4,0.12903225806451613,1.441745692885835,0.8257246162191664,0.48160863862247816,FALSE
m4.C10,m1.C4,0,-0.36829903959142907,0.1471235468563101,0.7481987984313315,FALSE
m4.C11,m1.C4,0,-0.5775338363101306,0.24904528421738747,0.37626228181097343,FALSE
m4.C12,m1.C4,0,-0.8932147103616231,0.4297581330270325,0.22520298102017844,FALSE
m4.C13,m1.C4,0,-1.194927537589518,0.6342961519080623,-0.10898510758271684,FALSE
m4.C14,m1.C4,0,-1.032501059192375,0.5202268743512181,0.3181272897238381,FALSE
m1.C6,m1.C5,0,-1.5569798834492508,0.9227220098859235,0.8055700999202999,FALSE
m1.C7,m1.C5,0,-0.3738001611733105,0.14962765908889916,0.5939338827002606,FALSE
m1.C8,m1.C5,0,-2.04035578344382,1.3838932678492981,0.47213384174461726,TRUE
m1.C9,m1.C5,0,-0.7235943041618477,0.32853571362689155,0.4709283692217301,FALSE
m2.C1,m1.C5,0,-0.5937805710071484,0.2575428430525111,0.46385844528310516,FALSE
m2.C2,m1.C5,0.5,0.8208251053111777,0.3853707205842757,0.5595146048665474,FALSE
m2.C3,m1.C5,0.125,3.1597056003292483,2.801539134664091,0.4848780188631474,TRUE
m2.C4,m1.C5,0.25,1.0582075311079107,0.5376606529488213,-0.08000885885926179,FALSE
m2.C5,m1.C5,0,-0.36566323384721344,0.14592703094738602,0.3297368908884435,FALSE
m3.C1,m1.C5,0,-0.5079078698684736,0.2135907867224504,0.6297941307147821,FALSE
m3.C2,m1.C5,0.875,2.7523524639732777,2.2279072350460583,0.7279996789996931,TRUE
m3.C3,m1.C5,0,-0.523880281601197,0.22158694147361363,0.7756535480323122,FALSE
m3.C4,m1.C5,0,-0.2994591444293603,0.11657153376185644,0.7789553783218249,FALSE
m3.C5,m1.C5,0,-0.7004891390339412,0.3154940540293151,0.5032681177154542,FALSE
m3.C6,m1.C5,0,-0.8299151623977964,0.39084677672002777,-0.21995213806622704,FALSE
m3.C7,m1.C5,0,-0.42141855294889585,0.17169498207945733,0.03590524056188282,FALSE
m3.C8,m1.C5,0,-0.2944705617844236,0.11441357355113795,0.2198817895169961,FALSE
m3.C9,m1.C5,0,-0.2895796947021094,0.11230518445977651,0.1805613456893096,FALSE
m3.C10,m1.C5,0,-0.27929555397196093,0.107895365219321,0.3986847229104368,FALSE
m3.C11,m1.C5,0,-0.3963887745129166,0.16000798810463246,0.0856851838599536,FALSE
m3.C12,m1.C5,0,-0.22196536980685574,0.0838931826061361,0.15086136026949992,FALSE
m3.C13,m1.C5,0,-0.24801119761036475,0.09467603431898518,0.5738845182290045,FALSE
m4.C1,m1.C5,0,-0.42632259062994154,0.17400765698349113,0.5875891616203778,FALSE
m4.C2,m1.C5,0,-0.0839183893583972,0.03006188835763435,0.03286641671166801,FALSE
m4.C3,m1.C5,0,-0.2725422721146876,0.1050168924188214,0.25157469057229176,FALSE
m4.C4,m1.C5,0.125,-0.22853924786345944,0.08659571728731805,0.6125413189142813,FALSE
m4.C5,m1.C5,0,-0.308426860780613,0.12046973032425023,0.4414117222662417,FALSE
m4.C6,m1.C5,0,-0.906820145966154,0.43830018617808714,0.6874482634533141,FALSE
m4.C7,m1.C5,0,-0.7711974552952178,0.3559654604836215,0.23113364737830322,FALSE
m4.C8,m1.C5,0,-0.21186587109636884,0.07976619475251069,0.7013979289084407,FALSE
m4.C9,m1.C5,0.125,0.6137867250027058,0.26812426774061154,0.4540921611030314,FALSE
m4.C10,m1.C5,0.25,5.099413580787944,6.467618461426374,0.5767742961787992,TRUE
m4.C11,m1.C5,0,-0.27210244800933814,0.10482990031548337,0.1419554435165158,FALSE
m4.C12,m1.C5,0.125,2.0332777647821376,1.376497772669094,0.2567486552453576,TRUE
m4.C13,m1.C5,0,-0.6124998400476456,0.26743970907876324,-0.35960956694898405,FALSE
m4.C14,m1.C5,0.125,1.5520266555181612,0.9184516317663639,0.0926008357465058,FALSE
m1.C7,m1.C6,0,-1.87826840185818,1.2193626170404483,0.8380334222054503,FALSE
m1.C8,m1.C6,0,-11.123014211809755,28.013494898426067,0.663179749836352,TRUE
m1.C9,m1.C6,0,-3.8836476152882087,3.9875803580145455,0.6287297447984522,TRUE
m2.C1,m1.C6,0.025,-2.7392427635507026,2.210554083764878,0.5975849462500861,TRUE
m2.C2,m1.C6,0.8435754189944135,14.352145301544873,45.9859336663245,0.7710346758245007,TRUE
m2.C3,m1.C6,0.18181818181818182,-0.10213713676652478,0.03685094921726818,0.7409164920656683,FALSE
m2.C4,m1.C6,0.11764705882352941,-2.177556240704839,1.5310756126912817,0.18682348843588892,TRUE
m2.C5,m1.C6,0.05555555555555555,-1.5141695118803637,0.8861139377075461,0.645532622360343,FALSE
m3.C1,m1.C6,0.023255813953488372,-2.063698206314168,1.4084196735402863,0.6839326249295457,TRUE
m3.C2,m1.C6,0.5865921787709497,4.845914269881603,5.899526294045964,0.8017617036828577,TRUE
m3.C3,m1.C6,0.5121951219512195,7.617393104677229,13.586951642996548,0.9437543920451581,TRUE
m3.C4,m1.C6,0.2222222222222222,1.1609088204402767,0.609631997082736,0.7056905852559534,FALSE
m3.C5,m1.C6,0.11688311688311688,-0.3331290553104129,0.13133389572212362,0.489608680414916,FALSE
m3.C6,m1.C6,0.11009174311926606,-0.6471144436035302,0.2860410764064905,-0.24525775632670643,FALSE
m3.C7,m1.C6,0.037037037037037035,-1.4528344371195698,0.8348455462695562,0.09134466777043715,FALSE
m3.C8,m1.C6,0.05,-1.0357010259294621,0.5223844469186638,0.24774336275821252,FALSE
m3.C9,m1.C6,0.21052631578947367,1.0370671654489916,0.5233066547082978,0.19746684311239115,FALSE
m3.C10,m1.C6,0.23076923076923078,1.129285989902341,0.5870739753195336,0.4993591414320404,FALSE
m3.C11,m1.C6,0.1111111111111111,-0.2757384675334812,0.10637750754503626,0.18419774037467207,FALSE
m3.C12,m1.C6,0,-1.1507225849977807,0.602326935143919,-0.12971942602258402,FALSE
m3.C13,m1.C6,0.5,3.0635236987866015,2.660058136055993,0.718613048307054,TRUE
m4.C1,m1.C6,0,-2.2292726162523078,1.5884514787962434,0.6411712427126762,TRUE
m4.C2,m1.C6,0,-0.4682869664285237,0.19410554107481873,0.14962006523913496,FALSE
m4.C3,m1.C6,0.1,-0.545422952106419,0.23250079969967072,0.4457977983988358,FALSE
m4.C4,m1.C6,0.16666666666666666,-0.001591143123470015,5.517079734380051e-4,0.761106946553915,FALSE
m4.C5,m1.C6,0.5,3.4804958339302945,3.3006075392296794,0.783667392972556,TRUE
m4.C6,m1.C6,0.57,11.627673152503116,30.525618874257013,0.9296565582301868,TRUE
m4.C7,m1.C6,0.2236842105263158,1.4104889925828745,0.8002575874339996,0.43662387045809736,FALSE
m4.C8,m1.C6,0.25,0.6320157966382741,0.27787918097747083,0.8756791296704812,FALSE
m4.C9,m1.C6,0.34782608695652173,3.970975779532499,4.145215242013219,0.7704489912221735,TRUE
m4.C10,m1.C6,0,-0.8892338409858709,0.4272707639470845,0.6084534886724182,FALSE
m4.C11,m1.C6,0.2727272727272727,0.8771792052646441,0.41977169755652366,0.4099442679591119,FALSE
m4.C12,m1.C6,0.23076923076923078,0.9419725478569415,0.46066453793714257,0.507972484622799,FALSE
m4.C13,m1.C6,0.061224489795918366,-2.061653140259368,1.4062624695454056,-0.171624325198648,TRUE
m4.C14,m1.C6,0.2727272727272727,1.6435645870530806,0.9988455570886473,0.2641467749746136,FALSE
m1.C8,m1.C7,0,-2.5669620664100194,1.9888787354395367,0.48988838598543527,TRUE
m1.C9,m1.C7,0,-0.8577918172684111,0.40781499115837455,0.6645922566583625,FALSE
m2.C1,m1.C7,0.2727272727272727,3.6991805166882954,3.66495005807208,0.4426634151772889,TRUE
m2.C2,m1.C7,0.36363636363636365,-0.04150884146950824,0.01462282160674226,0.5838684035047149,FALSE
m2.C3,m1.C7,0,-0.3925791924479673,0.1582462701499808,0.7542434414975558,FALSE
m2.C4,m1.C7,0,-1.2017796893190493,0.6393140263736504,0.3247749112123155,FALSE
m2.C5,m1.C7,0.09090909090909091,1.7384938860833616,1.0855308234206615,0.5405499171303305,FALSE
m3.C1,m1.C7,0.18181818181818182,2.8781325470764996,2.3978998185714957,0.5093219082213645,TRUE
m3.C2,m1.C7,0.36363636363636365,-0.3749435453185105,0.15014929905134441,0.4747033827923186,FALSE
m3.C3,m1.C7,0,-0.5836318717185123,0.2522247392652484,0.8124062459527899,FALSE
m3.C4,m1.C7,0.09090909090909091,2.3921068265427565,1.775934223783077,0.6655495067532758,TRUE
m3.C5,m1.C7,0,-0.8305313927046353,0.3912190201837346,0.4894702068248036,FALSE
m3.C6,m1.C7,0,-0.989598571896643,0.4916448845671404,-0.15680893415127328,FALSE
m3.C7,m1.C7,0,-0.4445614397626096,0.18267483528246084,0.1799621004918902,FALSE
m3.C8,m1.C7,0,-0.3595317034227465,0.14315191233056063,0.27412086410550407,FALSE
m3.C9,m1.C7,0,-0.3768580972167503,0.15102366785508523,0.3551997139353129,FALSE
m3.C10,m1.C7,0,-0.3080209061929481,0.12029273832249494,0.49855050710618665,FALSE
m3.C11,m1.C7,0,-0.4469899327725402,0.1838367283871201,0.24329661067875374,FALSE
m3.C12,m1.C7,0,-0.276738734345018,0.10680395046300734,-0.0061053295985449285,FALSE
m3.C13,m1.C7,0,-0.2699785399196895,0.10392773426792361,0.5483070724453989,FALSE
m4.C1,m1.C7,0,-0.530323747634381,0.22483573613724397,0.5174312325687025,FALSE
m4.C2,m1.C7,0,-0.0897577384569332,0.03222757194758607,0.1759987339875324,FALSE
m4.C3,m1.C7,0.1,3.322219826909901,3.049127597185197,0.5014737578801802,TRUE
m4.C4,m1.C7,0.18181818181818182,0.2067712270713075,0.07769579500068499,0.4330272954042773,FALSE
m4.C5,m1.C7,0,-0.3793250330956319,0.15215197656326157,0.753573444665722,FALSE
m4.C6,m1.C7,0,-1.037746146570486,0.5237652413609806,0.7885418685279976,FALSE
m4.C7,m1.C7,0,-0.9817580738080239,0.4864906844622938,0.28121542572608393,FALSE
m4.C8,m1.C7,0.125,3.2796857385009712,2.983289255509956,0.7928048275946321,TRUE
m4.C9,m1.C7,0.09090909090909091,0.2983953627389311,0.11611073188168222,0.8100860463383379,FALSE
m4.C10,m1.C7,0,-0.2120848624553686,0.07985536191169779,0.48227961630912497,FALSE
m4.C11,m1.C7,0,-0.3616287708850553,0.1440997399768751,0.37177737445084647,FALSE
m4.C12,m1.C7,0,-0.5400691380645628,0.22977459475743103,0.6607966084562026,FALSE
m4.C13,m1.C7,0.2727272727272727,3.6393267524354598,3.5632781107252067,0.007355157324570816,TRUE
m4.C14,m1.C7,0,-0.6012174160992987,0.26146107634417204,0.2605221137034077,FALSE
m1.C9,m1.C8,0,-5.252231026181052,6.823134034578063,0.6338202142362294,TRUE
m2.C1,m1.C8,0.025,-3.6127967887400074,3.5186833912350224,0.06462069139995541,TRUE
m2.C2,m1.C8,0.19011406844106463,-7.582171306159251,13.468752120933686,0.6861899600017753,TRUE
m2.C3,m1.C8,0.18181818181818182,-0.7291824738010058,0.33171656418288353,0.4641772334063079,FALSE
m2.C4,m1.C8,0.40336134453781514,3.2311238011840224,2.9090210016752143,0.732227926951852,TRUE
m2.C5,m1.C8,0.2222222222222222,-0.5324298550151612,0.2259005136314996,0.5232867260837734,FALSE
m3.C1,m1.C8,0,-3.131394439136481,2.759504870885624,0.15586076266668425,TRUE
m3.C2,m1.C8,0.3193916349809886,-3.686820436033217,3.64383361498995,0.7527872589223993,TRUE
m3.C3,m1.C8,0.04878048780487805,-2.3073336748815296,1.6770321803464332,0.5717609661438441,TRUE
m3.C4,m1.C8,0.16666666666666666,-0.30327272738558064,0.11822629126476773,0.21704015757707773,FALSE
m3.C5,m1.C8,0.15584415584415584,-0.7512659171786542,0.3443884835809435,0.5686759739537937,FALSE
m3.C6,m1.C8,0.3577981651376147,4.609352437828455,5.3936991564375285,0.31139170618607936,TRUE
m3.C7,m1.C8,0.1111111111111111,-0.994321386351327,0.49475987817259115,0.5411789512040825,FALSE
m3.C8,m1.C8,0.25,0.7760950383883288,0.35883052496728657,0.6134240451941545,FALSE
m3.C9,m1.C8,0.15789473684210525,-0.2897317201973682,0.11237061190317846,0.31613487680026153,FALSE
m3.C10,m1.C8,0.15384615384615385,-0.3312560659035179,0.13050363264358555,0.3821741389650133,FALSE
m3.C11,m1.C8,0.25925925925925924,0.8575991011345019,0.4076967807249596,0.5065963224228125,FALSE
m3.C12,m1.C8,0.2222222222222222,0.24040659447634577,0.09150690308181113,0.009689539467976016,FALSE
m3.C13,m1.C8,0.25,0.4480622812135351,0.18435037406808924,0.7715347074948818,FALSE
m4.C1,m1.C8,0,-2.7454824306080376,2.218804884254012,0.04656201543774119,TRUE
m4.C2,m1.C8,0,-0.5878342667523193,0.25442282577015934,-0.32581305863529764,FALSE
m4.C3,m1.C8,0,-1.7924806097225356,1.136344035921631,-0.13100281378583478,FALSE
m4.C4,m1.C8,0.16666666666666666,-2.5924656372989934,2.0209494816033855,0.8275129879577597,TRUE
m4.C5,m1.C8,0.21428571428571427,-0.23191263423769023,0.08798750186260183,0.48597258408319954,FALSE
m4.C6,m1.C8,0.09,-3.8726936385217856,3.968029959293756,0.6162653276631428,TRUE
m4.C7,m1.C8,0.25,0.08391838935839711,0.0300618883576343,0.9142933736893057,FALSE
m4.C8,m1.C8,0,-1.6683989613859138,1.0211963258527865,0.47945553435379895,FALSE
m4.C9,m1.C8,0.17391304347826086,-1.3734667955190525,0.770555518520131,0.613100170422052,FALSE
m4.C10,m1.C8,0,-1.0973262960487185,0.564635438186945,0.7528704680117982,FALSE
m4.C11,m1.C8,0.18181818181818182,-0.46103388390684524,0.19059228454181484,0.7894002747085198,FALSE
m4.C12,m1.C8,0.19230769230769232,-0.5686289221368042,0.244423925147132,0.5217056426808618,FALSE
m4.C13,m1.C8,0.40816326530612246,2.7488225004912294,2.2232279035382194,0.4365118705744857,TRUE
m4.C14,m1.C8,0.2727272727272727,0.4512409940459783,0.18587507182253396,0.7707405385078865,FALSE
m2.C1,m1.C9,0.025,-0.7012902614059949,0.31594328437195784,-0.11445836629001582,FALSE
m2.C2,m1.C9,0.391304347826087,0.23428035431328026,0.0889663898846357,0.22097287477896377,FALSE
m2.C3,m1.C9,0.09090909090909091,0.6649466725529278,0.2957768760482008,0.3618916155810491,FALSE
m2.C4,m1.C9,0.13043478260869565,0.09544087866335486,0.03434464519758563,0.535733874220989,FALSE
m2.C5,m1.C9,0.1111111111111111,1.2121665551092737,0.6469523973481806,0.22053659740929388,FALSE
m3.C1,m1.C9,0.023255813953488372,-0.34221645674433854,0.13537739231550922,-0.03726140650473164,FALSE
m3.C2,m1.C9,0.4782608695652174,0.8448405598974301,0.3998988911716877,0.2652232127405536,FALSE
m3.C3,m1.C9,0,-1.2036203679459636,0.6406648258440204,0.5864501323974245,FALSE
m3.C4,m1.C9,0.1111111111111111,1.9233520502461925,1.2641149764922035,0.342903594942245,FALSE
m3.C5,m1.C9,0.08695652173913043,0.9520165697100555,0.4671328227930191,0.5273414198613275,FALSE
m3.C6,m1.C9,0.043478260869565216,-0.9106297198487443,0.44070336385978076,0.35580194855764136,FALSE
m3.C7,m1.C9,0.037037037037037035,0.10511578136346175,0.03796992682593162,0.3611787781122229,FALSE
m3.C8,m1.C9,0,-0.8058835956449286,0.37643030731672017,0.46739214143197527,FALSE
m3.C9,m1.C9,0.10526315789473684,1.7962958789891812,1.139976758740775,0.6483825029253417,FALSE
m3.C10,m1.C9,0,-0.6482132180808102,0.28663795498213307,0.7116167642233004,FALSE
m3.C11,m1.C9,0,-1.006625773144092,0.502911816003475,0.5316575774919148,FALSE
m3.C12,m1.C9,0.2222222222222222,3.028527582305116,2.6095088723159185,0.4327303020868283,TRUE
m3.C13,m1.C9,0,-0.5151134068278205,0.2171879742904505,0.548695420775017,FALSE
m4.C1,m1.C9,0,-1.0781524167225598,0.5513466288239364,-0.0017589615962982919,FALSE
m4.C2,m1.C9,0,-0.21947622039928316,0.08287323131731196,-0.4229278692254792,FALSE
m4.C3,m1.C9,0.1,0.8912556950706924,0.4285334027937976,-0.023863553023985906,FALSE
m4.C4,m1.C9,0.2608695652173913,2.045080079290779,1.38884021867502,0.3092024247240256,TRUE
m4.C5,m1.C9,0.07142857142857142,0.5539128103463898,0.23684276291643291,0.48533727879711885,FALSE
m4.C6,m1.C9,0.043478260869565216,-1.2060165482145395,0.6424251001457634,0.49387799662668086,FALSE
m4.C7,m1.C9,0,-1.854830530687536,1.1964033947502255,0.6198978214016938,FALSE
m4.C8,m1.C9,0,-0.551539532193038,0.23562666740957075,0.3911479829626192,FALSE
m4.C9,m1.C9,0.15217391304347827,2.415201215293376,1.8033673903568488,0.8539881362550252,TRUE
m4.C10,m1.C9,0.25,2.20248252651607,1.5585995922496354,0.42059724643271446,TRUE
m4.C11,m1.C9,0.09090909090909091,0.8113826080193778,0.37971193345706106,0.7305019828986233,FALSE
m4.C12,m1.C9,0.038461538461538464,-0.18794124916636787,0.07010988713086441,0.8199481101974981,FALSE
m4.C13,m1.C9,0.06521739130434782,0.7192371836534034,0.326062792928856,0.44384141965733903,FALSE
m4.C14,m1.C9,0.030303030303030304,-0.3668540056750804,0.1464673132567229,0.6465189956241653,FALSE
m2.C2,m2.C1,0,-9.101675012907764,19.050857695286975,0.6434188517770272,TRUE
m2.C3,m2.C1,0,-0.9841507100344308,0.4880612977870594,0.5960571528504481,FALSE
m2.C4,m2.C1,0,-3.6181507462791216,3.527659673577777,-0.37873927867882906,TRUE
m2.C5,m2.C1,0,-1.1901510704258855,0.6308082326589945,0.5477850112227938,FALSE
m3.C1,m2.C1,0.9,27.484627735253206,165.57178263820768,0.9607048683560037,TRUE
m3.C2,m2.C1,0.025,-6.816930470695513,11.031487873948752,0.5306548415817038,TRUE
m3.C3,m2.C1,0,-1.1938788658948551,0.6335296826344718,0.5430989181764458,FALSE
m3.C4,m2.C1,0.05555555555555555,0.4439278522999959,0.18237200477293466,0.6502393443026088,FALSE
m3.C5,m2.C1,0,-1.801244326097067,1.1446966601472213,-0.06294007303670823,FALSE
m3.C6,m2.C1,0,-2.2091307926739945,1.5659815795152878,-0.8703841025240424,TRUE
m3.C7,m2.C1,0,-1.0046833538749655,0.5016214174176146,-0.49228366225012143,FALSE
m3.C8,m2.C1,0,-0.8876099634955429,0.426257672046341,-0.4075248320134208,FALSE
m3.C9,m2.C1,0,-0.8303814052832178,0.3911284061155728,-0.5135197629746959,FALSE
m3.C10,m2.C1,0,-0.7367157459754481,0.3360210368533088,-0.1110407859499083,FALSE
m3.C11,m2.C1,0,-1.0722757753471064,0.5472996170686532,-0.5077841736987301,FALSE
m3.C12,m2.C1,0,-0.58339154070179,0.252099205489802,-0.4637809711939891,FALSE
m3.C13,m2.C1,0,-0.5805975915017564,0.25064119324388995,0.08946735401111305,FALSE
m4.C1,m2.C1,1,21.266992069400942,99.63915036140386,0.9566618174801937,TRUE
m4.C2,m2.C1,1,3.88766037943214,3.994754648792838,0.809328595877162,TRUE
m4.C3,m2.C1,0.6,7.622944352813684,13.605629247288089,0.8487258722290186,TRUE
m4.C4,m2.C1,0,-3.4640333805430887,3.273973709007241,0.47339863420514483,TRUE
m4.C5,m2.C1,0,-0.8393665189344387,0.39657016338349005,0.48748846174973737,FALSE
m4.C6,m2.C1,0,-2.5830209235537516,2.009042636033076,0.6182403325052911,TRUE
m4.C7,m2.C1,0,-2.1990780116556854,1.5548260122251991,-0.20788881985895835,TRUE
m4.C8,m2.C1,0,-0.667488614302626,0.29717319562699157,0.6574604841061075,FALSE
m4.C9,m2.C1,0,-2.1020354116857733,1.449158270316222,0.16294978100258506,TRUE
m4.C10,m2.C1,0,-0.4673020518513797,0.19362749394020873,0.047207758732710436,FALSE
m4.C11,m2.C1,0,-0.8549415109650099,0.40606792603880537,-0.3177571384856923,FALSE
m4.C12,m2.C1,0,-1.2569395023851173,0.6803203780560734,-0.11883701353740639,FALSE
m4.C13,m2.C1,0.025,-1.0733492167054848,0.5480379476943523,-0.6646604852476261,FALSE
m4.C14,m2.C1,0,-1.3578092786019982,0.7581443192784707,-0.4139204341298559,FALSE
m2.C3,m2.C2,0,-4.557246887062919,5.285431443762788,0.8281906949646196,TRUE
m2.C4,m2.C2,0,-16.681801687351378,61.75012845574861,0.339216697887778,TRUE
m2.C5,m2.C2,0,-5.914655513556263,8.478115770099677,0.8541747135383991,TRUE
m3.C1,m2.C2,0.09302325581395349,-3.3696995501337534,3.123492437177891,0.7265569514315358,TRUE
m3.C2,m2.C2,0.6225352112676056,3.8958239029205477,4.009370480750227,0.8996728789240751,TRUE
m3.C3,m2.C2,0.6585365853658537,4.851209221639312,5.911116450411597,0.7443076786415295,TRUE
m3.C4,m2.C2,0.3333333333333333,0.11549957994559286,0.041890642145821694,0.49197098538378237,FALSE
m3.C5,m2.C2,0.3246753246753247,-0.07531854516700062,0.026890042250856158,0.46432275569175807,FALSE
m3.C6,m2.C2,0.11926605504587157,-4.909094140443507,6.038588160085086,-0.315743069509288,TRUE
m3.C7,m2.C2,0.1111111111111111,-2.518256811786094,1.9283488378729703,0.22527314073592097,TRUE
m3.C8,m2.C2,0.1,-2.1584658907175553,1.5101592092254448,0.08067272856314323,TRUE
m3.C9,m2.C2,0.42105263157894735,0.8172251925824843,0.38320977802181433,-0.15893216477133176,FALSE
m3.C10,m2.C2,0.38461538461538464,0.4161584159939662,0.16922271624420934,0.12324076512338555,FALSE
m3.C11,m2.C2,0.14814814814814814,-1.9450005154745174,1.2858805947767753,0.10665971431555898,FALSE
m3.C12,m2.C2,0.2222222222222222,-0.6767671530354766,0.3022880547122908,-0.28691234927917697,FALSE
m3.C13,m2.C2,0.75,2.5901369437370017,2.018010432051175,0.5627797826114379,TRUE
m4.C1,m2.C2,0,-4.952920354312117,6.136035670849767,0.6270770128766372,TRUE
m4.C2,m2.C2,0,-0.9187891116759697,0.4458672788389529,0.29103039695492905,FALSE
m4.C3,m2.C2,0.3,-1.1735930490896875,0.6187800752249718,0.46701951689212406,FALSE
m4.C4,m2.C2,0.4226190476190476,-1.5760019207602471,0.9392063967339357,0.9120168019796359,FALSE
m4.C5,m2.C2,0.7857142857142857,2.326613610320424,1.6992776046943625,0.7387781054572172,TRUE
m4.C6,m2.C2,0.89,9.157521375648528,19.274881232451456,0.8689879463748871,TRUE
m4.C7,m2.C2,0.34210526315789475,-2.448982439306985,1.8438737419583107,0.5062283892485111,TRUE
m4.C8,m2.C2,0.5,0.15690088799068833,0.05783167969468315,0.815849209997056,FALSE
m4.C9,m2.C2,0.6376811594202898,2.8491129209807062,2.3581164071635468,0.5199342488519038,TRUE
m4.C10,m2.C2,0.5,0.09623644393755053,0.03464174260162769,0.6672310162087958,FALSE
m4.C11,m2.C2,0.5454545454545454,0.4783717392224554,0.19901799739904136,0.3657857197821315,FALSE
m4.C12,m2.C2,0.46153846153846156,-0.11277488920259544,0.04085886177294994,0.30743806497581616,FALSE
m4.C13,m2.C2,0.20408163265306123,-4.105304428635132,4.39385221556797,-0.06639215077478688,TRUE
m4.C14,m2.C2,0.48484848484848486,0.046573034424247074,0.016439775707859542,0.30645617907521816,FALSE
m2.C4,m2.C3,0,-1.7787359197402635,1.1233026944681828,0.3016368471263887,FALSE
m2.C5,m2.C3,0,-0.6285164819805549,0.2759981887194673,0.8366227243229244,FALSE
m3.C1,m2.C3,0.09090909090909091,0.8102555969685298,0.37903853961700806,0.6471536923480485,FALSE
m3.C2,m2.C3,0.7272727272727273,1.2676754540207622,0.6884286361251939,0.6273969732672803,FALSE
m3.C3,m2.C3,0,-0.654970982091347,0.29031762363659597,0.796823861421636,FALSE
m3.C4,m2.C3,0.18181818181818182,4.4372715348104785,5.040451413058008,0.49864492465375987,TRUE
m3.C5,m2.C3,0,-0.8947146308915896,0.4306967357037078,0.6233777086518075,FALSE
m3.C6,m2.C3,0,-1.0988905563905782,0.5657252923304492,-0.3158046627412321,FALSE
m3.C7,m2.C3,0,-0.5400543196360647,0.22976706184815193,0.2112708281351997,FALSE
m3.C8,m2.C3,0,-0.4648757568658109,0.19245115016470177,-0.06831137847958457,FALSE
m3.C9,m2.C3,0,-0.47566549231619054,0.1976965871792464,-0.026533247808619098,FALSE
m3.C10,m2.C3,0,-0.35359723945746235,0.14047698884674273,0.3546445753172288,FALSE
m3.C11,m2.C3,0,-0.5171209277811232,0.21819312652889838,0.12152237333039684,FALSE
m3.C12,m2.C3,0,-0.3122626909023855,0.12214458099168933,-0.02348526127228112,FALSE
m3.C13,m2.C3,0,-0.2910889583514824,0.11295503772239793,0.33826398083237763,FALSE
m4.C1,m2.C3,0,-0.6382448070960937,0.28123736950011646,0.6169391707426082,FALSE
m4.C2,m2.C3,0,-0.0952504797098927,0.03427356903144122,0.3917365855324191,FALSE
m4.C3,m2.C3,0,-0.35569615803225335,0.14142182755783586,0.6300554179266566,FALSE
m4.C4,m2.C3,0.5454545454545454,2.5679752718727933,1.990147915611758,0.6197625503947934,TRUE
m4.C5,m2.C3,0.09090909090909091,1.7300424015104472,1.0776758149991847,0.8645182414521588,FALSE
m4.C6,m2.C3,0.09090909090909091,-0.44077831856091104,0.18086851672827844,0.9076920883401739,FALSE
m4.C7,m2.C3,0,-1.1484553137904447,0.6007059758431916,0.31329345891886184,FALSE
m4.C8,m2.C3,0,-0.34646744434101295,0.137277567350861,0.9088693985561856,FALSE
m4.C9,m2.C3,0,-1.0949714041917538,0.5629963609947791,0.7031810395651162,FALSE
m4.C10,m2.C3,0,-0.25041604073632,0.09568181524959636,0.5693563225622774,FALSE
m4.C11,m2.C3,0,-0.3896893140597243,0.15691286318485406,0.29337666148183195,FALSE
m4.C12,m2.C3,0.09090909090909091,0.9621368661330183,0.4736854657538896,0.6001558286631524,FALSE
m4.C13,m2.C3,0,-0.8797986304042875,0.42139699410469866,0.008368502812328815,FALSE
m4.C14,m2.C3,0.09090909090909091,0.779345137533126,0.3607362610664401,0.31609056575766914,FALSE
m2.C5,m2.C4,0,-2.25702645378179,1.6196725669157483,0.3240805825518982,TRUE
m3.C1,m2.C4,0,-2.452405884162539,1.8480038451877752,-0.3239103730824231,TRUE
m3.C2,m2.C4,0.48739495798319327,-1.2446163595727824,0.6710645212665732,0.22637909402444878,FALSE
m3.C3,m2.C4,0,-2.2844872290546547,1.6508602192598045,0.16510062612420962,TRUE
m3.C4,m2.C4,0,-1.4399262529005206,0.8242323683204916,-0.20960041988388167,FALSE
m3.C5,m2.C4,0.1038961038961039,-0.1822102666962655,0.06782175948953255,0.4747779219841255,FALSE
m3.C6,m2.C4,0.24770642201834864,4.781589975171649,5.759665130815182,0.5905700343379349,TRUE
m3.C7,m2.C4,0.1111111111111111,0.045151861535728505,0.015929154380113542,0.7633176856029509,FALSE
m3.C8,m2.C4,0.1,-0.15710687237742973,0.05791223198687486,0.5309628839255003,FALSE
m3.C9,m2.C4,0.10526315789473684,-0.08715160592630214,0.03125981712755448,0.43246263221294645,FALSE
m3.C10,m2.C4,0.07692307692307693,-0.36709093123709635,0.14657486424917346,0.2155514363348352,FALSE
m3.C11,m2.C4,0.1111111111111111,0.06078376772528389,0.021576867500015855,0.6275961777284792,FALSE
m3.C12,m2.C4,0.1111111111111111,-0.014136476505607691,0.004926197897413226,0.2019844672175195,FALSE
m3.C13,m2.C4,0.125,0.13725773199019803,0.050206589861881756,0.45823919035147864,FALSE
m4.C1,m2.C4,0,-2.1980900934929375,1.5537318442329557,-0.38187781354053807,TRUE
m4.C2,m2.C4,0,-0.43783926059320644,0.1794683076274561,-0.4801224237954571,FALSE
m4.C3,m2.C4,0,-1.3471564555198223,0.7497511902008765,-0.26900879875488326,FALSE
m4.C4,m2.C4,0.10084033613445378,-3.457867362677594,3.264026547953714,0.3647210803017844,TRUE
m4.C5,m2.C4,0.07142857142857142,-0.9250253803001557,0.449829509116606,0.2945746303479694,FALSE
m4.C6,m2.C4,0.04,-3.4836769024275536,3.3057668293186415,0.23409342075243045,TRUE
m4.C7,m2.C4,0.19736842105263158,1.0037289817599844,0.5009878848738437,0.8422632464990615,FALSE
m4.C8,m2.C4,0.125,-0.2731894446913876,0.10529214482037068,0.1246168368250381,FALSE
m4.C9,m2.C4,0.13043478260869565,-0.672526040518766,0.29994659521460115,0.5435105022072032,FALSE
m4.C10,m2.C4,0,-0.8622381360710792,0.4105458351018164,0.559675763286248,FALSE
m4.C11,m2.C4,0.2727272727272727,1.1027120948956326,0.568391471032156,0.8405380235298766,FALSE
m4.C12,m2.C4,0.19230769230769232,0.4851689064202987,0.20234714263265485,0.6537929089528,FALSE
m4.C13,m2.C4,0.5510204081632653,7.718240259730809,13.928314135615237,0.8815226822862707,TRUE
m4.C14,m2.C4,0.06060606060606061,-1.5068609242383508,0.8799320226875066,0.8864419188142054,FALSE
m3.C1,m2.C5,0,-0.8847437273695191,0.4244717071428655,0.5870206800197978,FALSE
m3.C2,m2.C5,0.7222222222222222,1.558170586517989,0.9237499213769691,0.6811428282105408,FALSE
m3.C3,m2.C5,0,-0.8628447858765876,0.4109189495720171,0.6529297798560176,FALSE
m3.C4,m2.C5,0.05555555555555555,1.3355559508799808,0.7406583241803504,0.4040320760384133,FALSE
m3.C5,m2.C5,0.1111111111111111,0.6461795041926668,0.2855335081210361,0.37122265621094985,FALSE
m3.C6,m2.C5,0.05555555555555555,-0.6419925296941908,0.28326395734245136,-0.25122645377042674,FALSE
m3.C7,m2.C5,0,-0.6752234586156524,0.30143511664045697,0.1845129095088598,FALSE
m3.C8,m2.C5,0,-0.5946094857676538,0.2579786832664263,-0.09014951631495993,FALSE
m3.C9,m2.C5,0,-0.5928502420149889,0.25705394486362293,-0.09711263527509528,FALSE
m3.C10,m2.C5,0,-0.4738330590040016,0.1968031579389962,0.33526530079383166,FALSE
m3.C11,m2.C5,0,-0.6697869466241051,0.2984375270391021,0.07820810817042001,FALSE
m3.C12,m2.C5,0.1111111111111111,2.563092825198124,1.9840357235172723,-0.2622248244273391,TRUE
m3.C13,m2.C5,0,-0.36408383073613293,0.14521109043697628,0.38272146426043663,FALSE
m4.C1,m2.C5,0,-0.7877009360771617,0.3656520722093715,0.5341525159362686,FALSE
m4.C2,m2.C5,0,-0.1600480697021511,0.0590637631393018,0.2739803399340779,FALSE
m4.C3,m2.C5,0,-0.4851634252852663,0.20234445216852748,0.45045199983399054,FALSE
m4.C4,m2.C5,0.5,2.740213268780991,2.211836374323872,0.7336892402685912,TRUE
m4.C5,m2.C5,0.07142857142857142,1.2049023680831994,0.6416063493430946,0.8937504741783618,FALSE
m4.C6,m2.C5,0,-1.669684521516141,1.0223596145803269,0.8132667689767874,FALSE
m4.C7,m2.C5,0.1111111111111111,0.13445664025806695,0.04912836087219453,0.4272076445978633,FALSE
m4.C8,m2.C5,0.125,1.9483884928446147,1.2893031525339262,0.7081891700335579,FALSE
m4.C9,m2.C5,0,-1.391695232942073,0.7851172089232171,0.5572006623653674,FALSE
m4.C10,m2.C5,0.25,3.016459510170634,2.592192218256708,0.49871587389981553,TRUE
m4.C11,m2.C5,0,-0.5239758817328152,0.22163504609501308,0.372778729550572,FALSE
m4.C12,m2.C5,0,-0.8353447303681806,0.3941310183956146,0.34705292644635255,FALSE
m4.C13,m2.C5,0,-1.1732782630332348,0.6185523532680881,-0.0011900853618991292,FALSE
m4.C14,m2.C5,0.05555555555555555,0.2314119941644078,0.08778073527591558,0.28127555993649356,FALSE
m3.C2,m3.C1,0,-8.084856801784639,15.20594939437868,0.6381231284629532,TRUE
m3.C3,m3.C1,0,-1.3199085913878452,0.7284707825762445,0.6205169039536679,FALSE
m3.C4,m3.C1,0,-0.87665339298353,0.4194457247017598,0.7227952067588365,FALSE
m3.C5,m3.C1,0,-1.9760432702305881,1.3174048208801254,0.05674196369558138,TRUE
m3.C6,m3.C1,0,-2.3118767129871705,1.6822608707174451,-0.829093511053032,TRUE
m3.C7,m3.C1,0,-1.0738524855302383,0.5483842437115867,-0.411123652608699,FALSE
m3.C8,m3.C1,0,-0.9179222080875209,0.44531754744255886,-0.3374923239299936,FALSE
m3.C9,m3.C1,0,-0.9510513601879846,0.4665097218261601,-0.4607591065403196,FALSE
m3.C10,m3.C1,0,-0.7616839824260332,0.3504230969282199,-0.06477508125495879,FALSE
m3.C11,m3.C1,0,-1.090684411440336,0.5600175001598405,-0.41998041250717,FALSE
m3.C12,m3.C1,0,-0.6637880840593335,0.2951411540704381,-0.39484458461377914,FALSE
m3.C13,m3.C1,0,-0.6112406884097246,0.26677042468879886,0.21962222624364724,FALSE
m4.C1,m3.C1,1,26.33205215712478,152.08406489941703,0.9778991080152795,TRUE
m4.C2,m3.C1,1,5.497249312156034,7.413681527906827,0.7212650144213352,TRUE
m4.C3,m3.C1,0.8,13.34772157196346,39.91318676179226,0.809676429376244,TRUE
m4.C4,m3.C1,0.023255813953488372,-2.312200126022632,1.6826334028569143,0.5594314677344385,TRUE
m4.C5,m3.C1,0,-0.7496988528153393,0.34348390810635704,0.5267834898738535,FALSE
m4.C6,m3.C1,0.023255813953488372,-1.4728918078241064,0.8514583870346237,0.6936188307996728,FALSE
m4.C7,m3.C1,0,-1.6953155374630648,1.0456823212770854,-0.13276501550154074,FALSE
m4.C8,m3.C1,0,-0.5307769678825677,0.2250647493330072,0.7531803472523876,FALSE
m4.C9,m3.C1,0,-1.6426217515048764,0.9980015629015444,0.2332371472555479,FALSE
m4.C10,m3.C1,0,-0.41002015006662207,0.1663486300816046,0.2011723118776817,FALSE
m4.C11,m3.C1,0,-0.6504362962321654,0.28784679016285786,-0.24136897968413473,FALSE
m4.C12,m3.C1,0,-0.9919418544787729,0.4931894584387652,-0.06655168745391782,FALSE
m4.C13,m3.C1,0,-1.416428652922407,0.8050694906341199,-0.6476988275126867,FALSE
m4.C14,m3.C1,0,-1.1008077849105533,0.5670622441373907,-0.3408849476679785,FALSE
m3.C3,m3.C2,0,-7.859704416640716,14.41449304885213,0.7770636101579697,TRUE
m3.C4,m3.C2,0,-5.137286118313571,6.554809404261678,0.49535419907268663,TRUE
m3.C5,m3.C2,0,-11.322686322542124,28.994310024288716,0.5067147697758271,TRUE
m3.C6,m3.C2,0,-13.337067011258638,39.8511055947014,-0.1490274170011534,TRUE
m3.C7,m3.C2,0,-6.256438622969372,9.404649291827328,0.2752702128626672,TRUE
m3.C8,m3.C2,0,-5.543885444334827,7.528954236451085,0.28609837873128485,TRUE
m3.C9,m3.C2,0,-5.10957157991208,6.490945210317363,0.011557088199564358,TRUE
m3.C10,m3.C2,0,-4.385353365581871,4.936300282336565,0.2388647569618576,TRUE
m3.C11,m3.C2,0,-6.329416863099814,9.60890701993135,0.21192868021796807,TRUE
m3.C12,m3.C2,0,-3.5019483049310924,3.335480975348704,-0.2536963752388326,TRUE
m3.C13,m3.C2,0,-3.502260293431593,3.3359895385696623,0.7024556907265967,TRUE
m4.C1,m3.C2,0,-5.109280029482119,6.490275091299595,0.504786593887572,TRUE
m4.C2,m3.C2,0,-1.0720947237880587,0.547175126736888,0.07015494012198997,FALSE
m4.C3,m3.C2,0.1,-2.4977694151230265,1.9031683148323881,0.1960060244526245,TRUE
m4.C4,m3.C2,0.375,-3.377470367026927,3.135751028578141,0.9665810161509221,TRUE
m4.C5,m3.C2,0.5,-0.027380168592271697,0.009591647896570538,0.6133202218472006,FALSE
m4.C6,m3.C2,0.8,6.358029769962955,9.689608627308305,0.8171083972915117,TRUE
m4.C7,m3.C2,0.39473684210526316,-1.933790380618444,1.2745873910052528,0.5566027123728838,FALSE
m4.C8,m3.C2,1,2.680407184793648,2.1335197628254776,0.7369945518363404,TRUE
m4.C9,m3.C2,0.7246376811594203,3.9237925943615393,4.059653952647725,0.4313820286059107,TRUE
m4.C10,m3.C2,0.75,0.9678835460550149,0.477422065236853,0.7568847272931054,FALSE
m4.C11,m3.C2,0.5454545454545454,0.29767434410429056,0.11579860048504019,0.3794863993386728,FALSE
m4.C12,m3.C2,0.6923076923076923,2.005437620857576,1.3475961886521417,0.19790234219972047,TRUE
m4.C13,m3.C2,0.5306122448979592,0.40941022509289615,0.1660636889267501,-0.16790840304585597,FALSE
m4.C14,m3.C2,0.42424242424242425,-0.8128545845483558,0.3805920914282843,0.3050687391604465,FALSE
m3.C4,m3.C3,0,-0.8619414508600902,0.41036340717730013,0.6763147924768151,FALSE
m3.C5,m3.C3,0,-1.9117896606620002,1.2525634987985863,0.6197882792387674,FALSE
m3.C6,m3.C3,0,-2.3056633708455267,1.6751118211640696,-0.1582780124149581,TRUE
m3.C7,m3.C3,0,-1.1105320177985034,0.5738632732826527,0.2509665453027039,FALSE
m3.C8,m3.C3,0,-0.9234206078335192,0.4488086349734892,0.20731751004911803,FALSE
m3.C9,m3.C3,0,-0.872537001379744,0.4168970630096476,0.3169729968119124,FALSE
m3.C10,m3.C3,0,-0.7353043177547829,0.335213115348797,0.5694141274856747,FALSE
m3.C11,m3.C3,0,-1.1166098652983198,0.57813101780002,0.28885313795105594,FALSE
m3.C12,m3.C3,0,-0.6048859623418799,0.26340052562921723,-0.018951044595220568,FALSE
m3.C13,m3.C3,0,-0.5511236490301403,0.23541375036874435,0.6168921800158157,FALSE
m4.C1,m3.C3,0,-1.046872274771743,0.5299447191947074,0.5813524843849919,FALSE
m4.C2,m3.C3,0,-0.20135079736722236,0.07550140653028893,0.1048812690185148,FALSE
m4.C3,m3.C3,0,-0.6060092942936113,0.26399527139526235,0.41563687939151195,FALSE
m4.C4,m3.C3,0.12195121951219512,-0.4481836349655105,0.18440852421058523,0.712623084809858,FALSE
m4.C5,m3.C3,0.07142857142857142,0.7478006452142459,0.3423892812421291,0.8437107073777789,FALSE
m4.C6,m3.C3,0.3170731707317073,5.4170656381861635,7.217634143763356,0.9450268609311986,TRUE
m4.C7,m3.C3,0,-1.7579525311523136,1.103718629952756,0.3921135671849266,FALSE
m4.C8,m3.C3,0,-0.5582795007435043,0.23908503703017847,0.8788841176824059,FALSE
m4.C9,m3.C3,0.024390243902439025,-0.9525357341600762,0.46746810782747783,0.7682760315437471,FALSE
m4.C10,m3.C3,0,-0.3822872007721018,0.15350927417992644,0.6483770551951376,FALSE
m4.C11,m3.C3,0,-0.6111482349296073,0.2667213026634314,0.3913852727168693,FALSE
m4.C12,m3.C3,0.07692307692307693,1.1353775262698569,0.5913917669158779,0.5633744594883326,FALSE
m4.C13,m3.C3,0,-1.35155182123906,0.7532092018745244,-0.16940288741741294,FALSE
m4.C14,m3.C3,0.030303030303030304,-0.2043896857972291,0.07673059319082949,0.2641378867348312,FALSE
m3.C5,m3.C4,0,-1.2106863363672358,0.6458615051948954,0.24112193034052498,FALSE
m3.C6,m3.C4,0,-1.5201352100629193,0.8911746234699054,-0.43466627719399886,FALSE
m3.C7,m3.C4,0,-0.7536421238220371,0.34576169525330225,-0.21809428902164352,FALSE
m3.C8,m3.C4,0,-0.6145858172840316,0.2685496162416681,0.04769632849307204,FALSE
m3.C9,m3.C4,0,-0.5452901201944876,0.23243304941179932,0.031890343201619764,FALSE
m3.C10,m3.C4,0,-0.5410005677906223,0.23024822585970448,0.35281388052851237,FALSE
m3.C11,m3.C4,0,-0.6858354121823899,0.30731440506535174,-0.15285212636969647,FALSE
m3.C12,m3.C4,0,-0.40138186377882784,0.16232382798686298,0.10095799166174646,FALSE
m3.C13,m3.C4,0,-0.3880066170607692,0.15613764814539827,0.33118517865484143,FALSE
m4.C1,m3.C4,0,-0.6293109747411817,0.27642490287712723,0.771650009237618,FALSE
m4.C2,m3.C4,0,-0.11470856424542239,0.04159088244514666,0.2514887205463765,FALSE
m4.C3,m3.C4,0,-0.39765054061826366,0.1605924761809349,0.49866826725328206,FALSE
m4.C4,m3.C4,0.8888888888888888,9.04969508861977,18.843547436681952,0.43616722471693714,TRUE
m4.C5,m3.C4,0,-0.4516769058691934,0.18608440826996817,0.5041149431924471,FALSE
m4.C6,m3.C4,0,-1.3152954058481026,0.7248945716458136,0.6108290662368652,FALSE
m4.C7,m3.C4,0,-1.1070808965604841,0.5714457729443584,-0.023711624924451113,FALSE
m4.C8,m3.C4,0,-0.34149585110106045,0.1350558326436373,0.5888559550209942,FALSE
m4.C9,m3.C4,0,-1.038955662903602,0.5245825531056537,0.37619366183434644,FALSE
m4.C10,m3.C4,0,-0.24573347691249503,0.09372501148605143,0.17342686540461127,FALSE
m4.C11,m3.C4,0,-0.4229044334041216,0.1723949095788607,-0.0390064975076545,FALSE
m4.C12,m3.C4,0,-0.6298889655903118,0.27673546549748246,0.17466025165281562,FALSE
m4.C13,m3.C4,0,-0.8994073177288913,0.43363824448573995,-0.49432749216481864,FALSE
m4.C14,m3.C4,0,-0.7395467725363495,0.3376435576794802,-0.1670575439358557,FALSE
m3.C6,m3.C5,0,-3.095965229277969,2.7073599607491916,0.38213735862528,TRUE
m3.C7,m3.C5,0,-1.583034508306208,0.9453348666363955,0.6520440236095341,FALSE
m3.C8,m3.C5,0,-1.3077555846337712,0.7190661830384918,0.4861422437654632,FALSE
m3.C9,m3.C5,0,-1.2862714357411653,0.7025714129616046,0.427221985909481,FALSE
m3.C10,m3.C5,0,-1.0603802465990544,0.5391447696611551,0.609517020583697,FALSE
m3.C11,m3.C5,0,-1.5072134380158488,0.8802297406136779,0.6458508991528004,FALSE
m3.C12,m3.C5,0,-0.8706581653543187,0.4157357038097528,0.48522004616973513,FALSE
m3.C13,m3.C5,0,-0.7888057637162473,0.36630381134905887,0.4339944208104467,FALSE
m4.C1,m3.C5,0,-1.356730361372303,0.7572923847880537,-0.010195834780940327,FALSE
m4.C2,m3.C5,0,-0.2635321571667537,0.10119781396890773,-0.2822524449279378,FALSE
m4.C3,m3.C5,0,-0.8163633634759039,0.3826930922226732,-0.09010586005813592,FALSE
m4.C4,m3.C5,0.24675324675324675,2.5478104725524666,1.9649653248124825,0.47631583750082807,TRUE
m4.C5,m3.C5,0.14285714285714285,1.1682971543189897,0.6149536249667312,0.4928250299913455,FALSE
m4.C6,m3.C5,0.025974025974025976,-1.9179230197809958,1.2586847016303533,0.6216499667444796,FALSE
m4.C7,m3.C5,0.039473684210526314,-0.9555604178719435,0.4694233501542496,0.5249543233808647,FALSE
m4.C8,m3.C5,0,-0.7455019422353857,0.34106531380484256,0.6077462468499816,FALSE
m4.C9,m3.C5,0.11594202898550725,1.6726954120403004,1.0250865616564147,0.5861642724474005,FALSE
m4.C10,m3.C5,0,-0.5648223003498772,0.24245621681606275,0.7335099613234956,FALSE
m4.C11,m3.C5,0,-0.8508629338332625,0.4035728104208473,0.5323279708406984,FALSE
m4.C12,m3.C5,0.07692307692307693,0.20103049991314112,0.07537200930966106,0.7228342297403375,FALSE
m4.C13,m3.C5,0.02040816326530612,-1.2819288116703793,0.699257559303266,0.3507224079658873,FALSE
m4.C14,m3.C5,0.06060606060606061,-0.11344376579352711,0.041111953320972026,0.695491649810159,FALSE
m3.C7,m3.C6,0,-1.851245681754482,1.1929102060996968,0.7644705794942287,FALSE
m3.C8,m3.C6,0,-1.6096363974625942,0.9686834242733688,0.698061696821214,FALSE
m3.C9,m3.C6,0,-1.5352362415233127,0.9040436701056085,0.7399211348403821,FALSE
m3.C10,m3.C6,0,-1.2575710979955794,0.6807962379470485,0.4065845780055295,FALSE
m3.C11,m3.C6,0,-1.8019006726135374,1.1453233904517743,0.7747129022273481,FALSE
m3.C12,m3.C6,0,-1.0344783522228982,0.5215596385564452,0.4430154558610324,FALSE
m3.C13,m3.C6,0,-0.9912693149748724,0.4927459591093718,0.23744832368036073,FALSE
m4.C1,m3.C6,0,-1.5735090325977017,0.9370384147985074,-0.8683141887319752,FALSE
m4.C2,m3.C6,0,-0.2987227713409995,0.11625252009005484,-0.9131649423644963,FALSE
m4.C3,m3.C6,0,-1.0023618714770655,0.5000809201833714,-0.8650248152584661,FALSE
m4.C4,m3.C6,0.03669724770642202,-3.2745776594889766,2.97543204308333,-0.08730963135069292,TRUE
m4.C5,m3.C6,0,-1.2183606494690593,0.6515258304708428,-0.1460007056465802,FALSE
m4.C6,m3.C6,0,-3.4273988786069025,3.215102382075026,-0.2518334713672603,TRUE
m4.C7,m3.C6,0.21052631578947367,3.5592052164962937,3.429481818632855,0.5306296372711219,TRUE
m4.C8,m3.C6,0,-0.8760969886302508,0.4191008893072049,-0.380133412907403,FALSE
m4.C9,m3.C6,0.014492753623188406,-2.3630954929919157,1.7417699308647723,0.11815944397858735,TRUE
m4.C10,m3.C6,0,-0.6483600921023452,0.28671777016935734,0.2838683023808988,FALSE
m4.C11,m3.C6,0.36363636363636365,3.2365123819291477,2.9172147124223784,0.6151288468972673,TRUE
m4.C12,m3.C6,0,-1.6473638209246053,1.0022498734113037,0.35050123705372294,FALSE
m4.C13,m3.C6,0.2653061224489796,4.286241202910582,4.740593262856305,0.7180383595179791,TRUE
m4.C14,m3.C6,0.18181818181818182,1.7257732918751874,1.073718242946167,0.6662920604481242,FALSE
m3.C8,m3.C7,0,-0.7730102821597148,0.3570250184002306,0.5703576304690604,FALSE
m3.C9,m3.C7,0,-0.7674180379725305,0.3537600157511091,0.6842063677381485,FALSE
m3.C10,m3.C7,0,-0.6041117536870325,0.26299086109655634,0.31222092731342044,FALSE
m3.C11,m3.C7,0,-0.8732052935446788,0.41731044268192635,0.8123092085443029,FALSE
m3.C12,m3.C7,0,-0.5144951046053251,0.21687865331213294,0.3077348657155148,FALSE
m3.C13,m3.C7,0,-0.4797211689976361,0.19967776400606516,0.3815231045684858,FALSE
m4.C1,m3.C7,0,-0.7892673908604639,0.36657624733958216,-0.5012761788346285,FALSE
m4.C2,m3.C7,0,-0.16964014199999297,0.062836733655879,-0.6376259680984118,FALSE
m4.C3,m3.C7,0,-0.48024334992749096,0.19993322455326215,-0.4801992215760389,FALSE
m4.C4,m3.C7,0.037037037037037035,-1.5415414039941318,0.9094419108557769,0.3010754007635197,FALSE
m4.C5,m3.C7,0,-0.5953297075240926,0.25835755395926263,0.2546179684932156,FALSE
m4.C6,m3.C7,0,-1.672506155459229,1.0249150528263307,0.19100880075480808,FALSE
m4.C7,m3.C7,0,-1.408884988148809,0.7989603483891395,0.6801004303149624,FALSE
m4.C8,m3.C7,0,-0.4680709142189392,0.19400064980454823,0.08117735244468582,FALSE
m4.C9,m3.C7,0.037037037037037035,-0.5132810773103931,0.21627166060688685,0.3658710621778942,FALSE
m4.C10,m3.C7,0,-0.3651114119363331,0.14567680384377515,0.6834346971630224,FALSE
m4.C11,m3.C7,0,-0.4903397078692926,0.2048895159417998,0.6943221385422564,FALSE
m4.C12,m3.C7,0.038461538461538464,0.43998710465527174,0.18049130490011037,0.5185511066081847,FALSE
m4.C13,m3.C7,0.037037037037037035,-0.12020164456516293,0.04367622411332258,0.6673029108616705,FALSE
m4.C14,m3.C7,0.037037037037037035,0.322007796084518,0.1264197198247001,0.7364850292118952,FALSE
m3.C9,m3.C8,0,-0.6466198040961768,0.2857725064065341,0.6071191166450541,FALSE
m3.C10,m3.C8,0,-0.5156951063438457,0.21747909511199243,0.4362590260129158,FALSE
m3.C11,m3.C8,0,-0.7629634085288041,0.35116670145819795,0.6944722346045733,FALSE
m3.C12,m3.C8,0,-0.4042621293205946,0.16366324132509913,0.15493107680248308,FALSE
m3.C13,m3.C8,0,-0.40863176566658016,0.16570018096225703,0.6517833328946351,FALSE
m4.C1,m3.C8,0,-0.6596314622088822,0.2928640296802951,-0.4212507361492579,FALSE
m4.C2,m3.C8,0,-0.12334179328006849,0.04487221690198643,-0.6491881245997302,FALSE
m4.C3,m3.C8,0,-0.43809969922482644,0.1795922750228372,-0.6012244680259009,FALSE
m4.C4,m3.C8,0.05,-1.183853034619189,0.6262216636459881,0.3004497110569281,FALSE
m4.C5,m3.C8,0.07142857142857142,1.6533965134521071,1.0076665923227195,0.018510838615268033,FALSE
m4.C6,m3.C8,0,-1.3702927604792627,0.7680323473604496,0.13291093098793694,FALSE
m4.C7,m3.C8,0,-1.2479154885113302,0.6735371307431796,0.5719604260639456,FALSE
m4.C8,m3.C8,0,-0.3879579129747918,0.15611522332466138,0.047576166459015634,FALSE
m4.C9,m3.C8,0.05,-0.17912268745830393,0.06659301440828021,0.2590561325042666,FALSE
m4.C10,m3.C8,0,-0.2679630739500123,0.10307288325287454,0.4589985369499163,FALSE
m4.C11,m3.C8,0,-0.43091650843899737,0.17618089834624995,0.592805787431739,FALSE
m4.C12,m3.C8,0.05,0.8089160715607369,0.37823872517680496,0.35005544136535893,FALSE
m4.C13,m3.C8,0,-0.9281234015377113,0.45180281728698646,0.406322045895549,FALSE
m4.C14,m3.C8,0.05,0.5133858721357092,0.21632403769102362,0.5966567872104475,FALSE
m3.C10,m3.C9,0,-0.5185859450871936,0.21892746197597795,0.639589121761508,FALSE
m3.C11,m3.C9,0,-0.7554570491626861,0.34681181311854736,0.7135973479747496,FALSE
m3.C12,m3.C9,0,-0.44639895877424446,0.18355381120304487,0.38483790637217496,FALSE
m3.C13,m3.C9,0,-0.3890570110192163,0.15662145967396396,0.3660960941202509,FALSE
m4.C1,m3.C9,0,-0.6305130442009524,0.27707091418799923,-0.45880568050657256,FALSE
m4.C2,m3.C9,0,-0.11470856424542239,0.04159088244514666,-0.7030544798631948,FALSE
m4.C3,m3.C9,0,-0.4043176069289183,0.1636890654417621,-0.4781208868198552,FALSE
m4.C4,m3.C9,0.15789473684210525,0.22910853672944273,0.08683035627599438,-0.021405797436669705,FALSE
m4.C5,m3.C9,0,-0.4872464974534717,0.2033676320483221,0.2227929749016444,FALSE
m4.C6,m3.C9,0,-1.3578070057105718,0.758142524112923,0.09461057861676525,FALSE
m4.C7,m3.C9,0.05263157894736842,-0.294118117420674,0.11426139778946078,0.3994093453311788,FALSE
m4.C8,m3.C9,0,-0.3446961181846002,0.13648511903204916,-0.022368254515235053,FALSE
m4.C9,m3.C9,0,-1.0934739246183807,0.5619550859281394,0.4521471582144311,FALSE
m4.C10,m3.C9,0,-0.25696689075137813,0.09843034981323266,0.3808933941107432,FALSE
m4.C11,m3.C9,0.09090909090909091,1.9678225627570196,1.3090206174040593,0.54743240739278,TRUE
m4.C12,m3.C9,0.10526315789473684,2.4986826482613123,1.9042872086600486,0.5187619366484706,TRUE
m4.C13,m3.C9,0.05263157894736842,0.241798030786067,0.09208547985038006,0.4035957430505137,FALSE
m4.C14,m3.C9,0,-0.7757525101003017,0.3586298857392615,0.45031846221641314,FALSE
m3.C11,m3.C10,0,-0.6240299911767737,0.2735924049972081,0.5258500933870113,FALSE
m3.C12,m3.C10,0,-0.35585643568284864,0.14149403292368004,0.37353183489805075,FALSE
m3.C13,m3.C10,0,-0.3257718598240256,0.12807873487802615,0.3582391241898565,FALSE
m4.C1,m3.C10,0,-0.5547813792436491,0.2372882802852493,-0.04441469299375145,FALSE
m4.C2,m3.C10,0,-0.0952504797098927,0.03427356903144122,-0.3793661617319546,FALSE
m4.C3,m3.C10,0,-0.3426043390937626,0.1355505448892386,-0.17667303367201592,FALSE
m4.C4,m3.C10,0.07692307692307693,-0.728724117800206,0.3314552716233534,0.2311799299320686,FALSE
m4.C5,m3.C10,0.07692307692307693,1.9694603923083749,1.3106889510245758,0.5880954185722483,TRUE
m4.C6,m3.C10,0.07692307692307693,-0.11407670567767836,0.04135156522776846,0.49602551719258103,FALSE
m4.C7,m3.C10,0,-0.9877005457471322,0.49039519923544894,0.3494048366225744,FALSE
m4.C8,m3.C10,0,-0.2940825624440247,0.11424604821497239,0.37023965180877383,FALSE
m4.C9,m3.C10,0.07692307692307693,0.2731542609407891,0.10527717739784086,0.611155137980688,FALSE
m4.C10,m3.C10,0,-0.21967619731601729,0.0829551058687606,0.3119291753761728,FALSE
m4.C11,m3.C10,0,-0.36336107068596873,0.14488372063363508,0.4890154773358375,FALSE
m4.C12,m3.C10,0,-0.5108909388228322,0.21507800488224801,0.6052066961969269,FALSE
m4.C13,m3.C10,0,-0.7632292902512479,0.35132130111792587,0.15712547743517713,FALSE
m4.C14,m3.C10,0,-0.6050696803373217,0.263497766698153,0.4431430381784871,FALSE
m3.C12,m3.C11,0,-0.4845324107232817,0.2020347766148416,0.2734236396269145,FALSE
m3.C13,m3.C11,0,-0.5036121106021851,0.21145409787346275,0.4296595581642324,FALSE
m4.C1,m3.C11,0,-0.8035704061339705,0.3750529216134228,-0.4850464177180558,FALSE
m4.C2,m3.C11,0,-0.16330141190254127,0.06034043687861112,-0.6734704995696768,FALSE
m4.C3,m3.C11,0,-0.5211425359220863,0.2202105853633971,-0.4707761839782614,FALSE
m4.C4,m3.C11,0.037037037037037035,-1.6316323203050258,0.9881887299887278,0.21449906088212767,FALSE
m4.C5,m3.C11,0,-0.5725090765107383,0.24643445224564778,0.2704772920692444,FALSE
m4.C6,m3.C11,0,-1.620929027265507,0.978674805833477,0.22504307791233213,FALSE
m4.C7,m3.C11,0.07407407407407407,0.19491169515403298,0.0729058670967728,0.6030173569929711,FALSE
m4.C8,m3.C11,0,-0.4335441611107749,0.1774269265738238,0.12829293686459686,FALSE
m4.C9,m3.C11,0.07407407407407407,0.3059307316230893,0.11938223490247159,0.46026327799518696,FALSE
m4.C10,m3.C11,0,-0.3203524708542549,0.12569149910183489,0.4877255516158472,FALSE
m4.C11,m3.C11,0,-0.5097704253766188,0.21451903725598342,0.7900380714049157,FALSE
m4.C12,m3.C11,0,-0.7953678588069112,0.3701832615924643,0.561879863548369,FALSE
m4.C13,m3.C11,0.037037037037037035,-0.1554076412940761,0.0572480991554127,0.5956000472061986,FALSE
m4.C14,m3.C11,0,-0.8889788693489135,0.4271116345739037,0.7035062904814897,FALSE
m3.C13,m3.C12,0,-0.2910889583514824,0.11295503772239793,-0.1183221670203507,FALSE
m4.C1,m3.C12,0,-0.42307159132750816,0.17247369283088762,-0.3027237211171645,FALSE
m4.C2,m3.C12,0,-0.05482716529388044,0.01941667189632453,-0.5037415034339106,FALSE
m4.C3,m3.C12,0,-0.28135830486192415,0.10877731372257035,-0.2881097147303111,FALSE
m4.C4,m3.C12,0.8888888888888888,6.102430418468092,8.981018408948259,-0.21296643237601032,TRUE
m4.C5,m3.C12,0,-0.3244656172162853,0.1275025181716305,-0.13203976288041352,FALSE
m4.C6,m3.C12,0,-0.9100335989158567,0.44032698677226,-0.11795670949970205,FALSE
m4.C7,m3.C12,0.1111111111111111,0.5309641115328049,0.2251593325990741,0.16988179781043866,FALSE
m4.C8,m3.C12,0,-0.22930099731231232,0.08690970289125452,-0.1341592050691931,FALSE
m4.C9,m3.C12,0,-0.7280248603975693,0.3310567843466118,0.20422013923095306,FALSE
m4.C10,m3.C12,0,-0.19063892856447887,0.07119028572327951,0.07261924368968364,FALSE
m4.C11,m3.C12,0,-0.2928264244435019,0.11370400121464154,0.21536341814523108,FALSE
m4.C12,m3.C12,0,-0.45228137981531463,0.1863747915391965,0.49474111343209803,FALSE
m4.C13,m3.C12,0,-0.649513574164377,0.2873448482835319,0.41901024878796855,FALSE
m4.C14,m3.C12,0,-0.5277391341238971,0.22353098054671888,0.4250068982227113,FALSE
m4.C1,m3.C13,0,-0.4277279509167334,0.17467178954815377,0.11943517407500415,FALSE
m4.C2,m3.C13,0,-0.06334073091440519,0.02250723452170142,-0.3666109201414882,FALSE
m4.C3,m3.C13,0,-0.26184184037448216,0.1004840589251586,-0.11547986986715464,FALSE
m4.C4,m3.C13,0.125,-0.1365494876001898,0.049933750034353484,0.7157570762803159,FALSE
m4.C5,m3.C13,0.125,2.658544802164575,2.1052470072888725,0.4502653901510971,TRUE
m4.C6,m3.C13,0.125,0.3413216308710613,0.13497811327559714,0.6042525734658506,FALSE
m4.C7,m3.C13,0,-0.742748729837807,0.33948188671318874,0.6983320267780008,FALSE
m4.C8,m3.C13,0,-0.22687702862977074,0.0859111648454322,0.5169432520420563,FALSE
m4.C9,m3.C13,0.125,0.8226978694433438,0.3864966293659098,0.6199680438754538,FALSE
m4.C10,m3.C13,0,-0.1463865061850106,0.05373629162040511,0.7609283428717944,FALSE
m4.C11,m3.C13,0,-0.29077559511263734,0.11282005434973866,0.6532576402448754,FALSE
m4.C12,m3.C13,0,-0.4480340724264062,0.18433685767827643,0.4436313759514203,FALSE
m4.C13,m3.C13,0,-0.587310779374896,0.25414870110932153,0.17653415137941675,FALSE
m4.C14,m3.C13,0.25,3.4794410899539137,3.298897792610793,0.5202571557187046,TRUE
m4.C2,m4.C1,0,-0.22196536980685574,0.0838931826061361,0.7389573381974385,FALSE
m4.C3,m4.C1,0,-0.6749305818340512,0.30127338191679054,0.8692285214499135,FALSE
m4.C4,m4.C1,0,-3.1052450434621623,2.7209688902643676,0.4385540277920682,TRUE
m4.C5,m4.C1,0,-0.7995739763031844,0.3726775031575527,0.5085921392366642,FALSE
m4.C6,m4.C1,0,-2.2723687180241536,1.6370606731189508,0.6379651947367614,TRUE
m4.C7,m4.C1,0,-1.9258750946415932,1.266642437437698,-0.21932697401656354,FALSE
m4.C8,m4.C1,0,-0.5999349015496888,0.26078408054079544,0.6958859073942741,FALSE
m4.C9,m4.C1,0,-1.8739771828757086,1.2151433759368584,0.24675598947241284,FALSE
m4.C10,m4.C1,0,-0.42819390387619866,0.17489212163975204,0.06310440644362603,FALSE
m4.C11,m4.C1,0,-0.6641998351154331,0.295367032923239,-0.2887558625712161,FALSE
m4.C12,m4.C1,0,-1.1239151023226877,0.5832778932148054,-0.03796876103317892,FALSE
m4.C13,m4.C1,0,-1.5796750885064907,0.9424050416815837,-0.6584925449656889,FALSE
m4.C14,m4.C1,0,-1.2787376150653809,0.696826697232879,-0.40148233402971245,FALSE
m4.C3,m4.C2,0,-0.13532039373761615,0.04946060527016804,0.8462741306764002,FALSE
m4.C4,m4.C2,0,-0.6202068281591964,0.27154749690025215,-2.539688523386374e-4,FALSE
m4.C5,m4.C2,0,-0.1600480697021511,0.0590637631393018,0.16900373938277802,FALSE
m4.C6,m4.C2,0,-0.43621750799998193,0.17869684005917197,0.2353556857525383,FALSE
m4.C7,m4.C2,0,-0.3914704777478078,0.15773439679161422,-0.5627669169828191,FALSE
m4.C8,m4.C2,0,-0.13144087631877152,0.04797003044771376,0.39055185347846777,FALSE
m4.C9,m4.C2,0,-0.342346487229584,0.1354354334288618,-0.14928878656400357,FALSE
m4.C10,m4.C2,0,-0.07765424062161135,0.02774943128592744,-0.2795953912787832,FALSE
m4.C11,m4.C2,0,-0.15335550846133636,0.05644715558903089,-0.6256974957879906,FALSE
m4.C12,m4.C2,0,-0.2066642559873754,0.07765240539689301,-0.2961293553663431,FALSE
m4.C13,m4.C2,0,-0.28868701913361355,0.1119211430443865,-0.5980264391283776,FALSE
m4.C14,m4.C2,0,-0.2591691016802384,0.09935721184948018,-0.5951575786791992,FALSE
m4.C4,m4.C3,0,-1.9768479866593913,1.3182269361533616,0.15646567609319595,TRUE
m4.C5,m4.C3,0,-0.523880281601197,0.22158694147361363,0.46724644226215506,FALSE
m4.C6,m4.C3,0,-1.464600814099673,0.8445732871565816,0.5047678929975069,FALSE
m4.C7,m4.C3,0,-1.1716073652250454,0.6173441861740931,-0.3132481744952491,FALSE
m4.C8,m4.C3,0,-0.3553557984449645,0.14126852111817695,0.6090092230212507,FALSE
m4.C9,m4.C3,0,-1.1304589601210668,0.5879043760884404,0.29954360084461906,FALSE
m4.C10,m4.C3,0,-0.24128552504704245,0.09187230641099987,-0.09209666490894719,FALSE
m4.C11,m4.C3,0,-0.434131399782613,0.17770568942661816,-0.28825266482618095,FALSE
m4.C12,m4.C3,0,-0.6742433382371781,0.30089397777307963,0.10150736469484212,FALSE
m4.C13,m4.C3,0,-0.9127481261099996,0.4420418637098731,-0.43235932426638457,FALSE
m4.C14,m4.C3,0,-0.7835035342893487,0.3631797608063917,-0.3732282972693146,FALSE
m4.C5,m4.C4,0,-2.4764432074071854,1.8771332172765116,0.6189134085347829,TRUE
m4.C6,m4.C4,0,-7.161786541527021,12.098910447902073,0.7890925830969934,TRUE
m4.C7,m4.C4,0,-5.9498177925540485,8.571150900836127,0.6883133047676374,TRUE
m4.C8,m4.C4,0,-1.813368585363246,1.1563002081564429,0.6633063183561356,FALSE
m4.C9,m4.C4,0,-5.42989651606023,7.248823024226432,0.47399150639215415,TRUE
m4.C10,m4.C4,0,-1.2555521412032882,0.6792756094157592,0.7268207605777278,FALSE
m4.C11,m4.C4,0,-2.121885280985723,1.4704750355430334,0.49821197215533874,TRUE
m4.C12,m4.C4,0,-3.2971684492850732,3.0102614578718283,0.26444900460042264,TRUE
m4.C13,m4.C4,0,-4.562477446994469,5.2962485529839425,-0.009240158142128196,TRUE
m4.C14,m4.C4,0,-3.894836930641983,4.007601959319322,0.4310913782491649,TRUE
m4.C6,m4.C5,0,-1.6892415727803114,1.040133063592134,0.8976675065177874,FALSE
m4.C7,m4.C5,0,-1.3849841688462616,0.7797420063028921,0.38953875747752953,FALSE
m4.C8,m4.C5,0,-0.44442201612192445,0.18260818532261577,0.7933286010805707,FALSE
m4.C9,m4.C5,0,-1.359058768126332,0.7591314704772846,0.7796327194449844,FALSE
m4.C10,m4.C5,0,-0.31079728959311154,0.12150421106696235,0.5104922906542968,FALSE
m4.C11,m4.C5,0,-0.5495651486604672,0.23461634912157106,0.4574982100109929,FALSE
m4.C12,m4.C5,0,-0.7629634085288041,0.35116670145819795,0.571591987260791,FALSE
m4.C13,m4.C5,0,-1.111730887242055,0.5747040623203608,-0.00552675372478495,FALSE
m4.C14,m4.C5,0,-0.889264424031431,0.4272898525079713,0.29495424107718793,FALSE
m4.C7,m4.C6,0,-4.285851839692089,4.739832489925271,0.43001481887091497,TRUE
m4.C8,m4.C6,0,-1.1918521280120853,0.63204946204141,0.9514711648810292,FALSE
m4.C9,m4.C6,0,-4.057839471777831,4.305142261734267,0.7646384823556823,TRUE
m4.C10,m4.C6,0,-0.8988305050174842,0.4332762754719398,0.654711702579972,FALSE
m4.C11,m4.C6,0,-1.5453306563768134,0.9126932164404223,0.40844669179341775,FALSE
m4.C12,m4.C6,0,-2.339168369367278,1.7138418136961608,0.5589348149023374,TRUE
m4.C13,m4.C6,0,-3.3581241367842165,3.1052777357235275,-0.1095038207435719,TRUE
m4.C14,m4.C6,0,-2.733240427961745,2.2026317984755304,0.32348405383058487,TRUE
m4.C8,m4.C7,0,-1.0954016089692742,0.5632956508030039,0.246285584387272,FALSE
m4.C9,m4.C7,0,-3.427030063421465,3.214512489752616,0.6009314321665988,TRUE
m4.C10,m4.C7,0,-0.7603353723519688,0.3496398756815362,0.7029930053811849,FALSE
m4.C11,m4.C7,0,-1.2879376048748064,0.7038446726715573,0.9126579638904201,FALSE
m4.C12,m4.C7,0,-1.9814997304014066,1.322984130224956,0.588637408998351,TRUE
m4.C13,m4.C7,0,-2.7031424866616254,2.163123587276188,0.6754059727375893,TRUE
m4.C14,m4.C7,0,-2.3265015442462187,1.6991478803596411,0.8943374324223262,TRUE
m4.C9,m4.C8,0,-1.0359211439523064,0.522532992733116,0.6865977867407385,FALSE
m4.C10,m4.C8,0,-0.2364534687253035,0.08986628876903131,0.6167266069281567,FALSE
m4.C11,m4.C8,0,-0.38398472576279563,0.15428832091742878,0.23481487544754787,FALSE
m4.C12,m4.C8,0,-0.5818704510089184,0.2513051173476046,0.5049819538110343,FALSE
m4.C13,m4.C8,0,-0.841101826271752,0.3976242913793563,-0.1920877126273577,FALSE
m4.C14,m4.C8,0,-0.6974468761958841,0.31379003618320794,0.20786291390590395,FALSE
m4.C10,m4.C9,0,-0.7646423078777097,0.35214331188074205,0.5734288617499251,FALSE
m4.C11,m4.C9,0,-1.2408189560868335,0.6682233090611474,0.7193893909349977,FALSE
m4.C12,m4.C9,0,-1.919735817498474,1.2604966609435742,0.8995900826801375,FALSE
m4.C13,m4.C9,0,-2.6811472919048347,2.134480215128351,0.36982423670162634,TRUE
m4.C14,m4.C9,0,-2.1762484413401673,1.5296381968350867,0.6052553675399273,TRUE
m4.C11,m4.C10,0,-0.2640070400018397,0.10139849258674907,0.5792127471683148,FALSE
m4.C12,m4.C10,0,-0.4278792484667361,0.1747433251808645,0.5181341250485277,FALSE
m4.C13,m4.C10,0,-0.6006573868290982,0.2611653902791348,0.2874018606153619,FALSE
m4.C14,m4.C10,0,-0.4987630963798843,0.20904927197221007,0.6326528611944242,FALSE
m4.C12,m4.C11,0,-0.7388805579949905,0.3372614957744658,0.7143533450404512,FALSE
m4.C13,m4.C11,0,-0.9641328425245707,0.47498199199802515,0.7363026368561781,FALSE
m4.C14,m4.C11,0,-0.7753788397982535,0.3584110496762211,0.882796316993173,FALSE
m4.C13,m4.C12,0,-1.5200916527782422,0.8911376262212505,0.6076740759191342,FALSE
m4.C14,m4.C12,0,-1.2826200109521626,0.6997845575704296,0.7577740979970282,FALSE
m4.C14,m4.C13,0,-1.6743244263452934,1.0265633690316884,0.8510861502546149,FALSE
