window,species_i,species_j,strength
1,C1,C1,-0.0024296193797502526
1,C2,C1,6.477601968871875e-4
1,C3,C1,-0.005014049156176331
1,C4,C1,0.0010480037651303265
1,C5,C1,-0.0020264054445084914
1,C6,C1,0.0021044412824102322
1,Enterobacteriaceae,C1,1.1687892049945875e-7
1,Lactobacillaceae,C1,7.939766431734622e-5
1,Paenibacillaceae,C1,-1.562728891357725e-4
1,C1,C2,-0.004670585338191656
1,C2,C2,0.0012595877476593296
1,C3,C2,-0.009849921342978142
1,C4,C2,0.002016675006210909
1,C5,C2,-0.0038171898037877173
1,C6,C2,0.004086228559236824
1,Enterobacteriaceae,C2,2.0358900407927535e-6
1,Lactobacillaceae,C2,0.001631575378831147
1,Paenibacillaceae,C2,-0.002824680213292746
1,C1,C3,1.5169062837672907e-4
1,C2,C3,-5.4322853435179304e-05
1,C3,C3,5.170892301513006e-4
1,C4,C3,-6.740437839806845e-5
1,C5,C3,5.0875262889958056e-5
1,C6,C3,-1.7076693052060757e-4
1,Enterobacteriaceae,C3,-1.7575343156278619e-6
1,Lactobacillaceae,C3,-0.0014341166509320817
1,Paenibacillaceae,C3,0.0024490512309125025
1,C1,C4,-0.003592415179509179
1,C2,C4,9.703098804419239e-4
1,C3,C4,-0.007598022797498182
1,C4,C4,0.0015513521068882385
1,C5,C4,-0.002927907362564656
1,C6,C4,0.003147176100660836
1,Enterobacteriaceae,C4,1.7536288743764657e-6
1,Lactobacillaceae,C4,0.0014082124160228497
1,Paenibacillaceae,C4,-0.0024342325250912675
1,C1,C5,-0.01978796891896797
1,C2,C5,0.005323626115233451
1,C3,C5,-0.04154180038021699
1,C4,C5,0.00854225672446856
1,C5,C5,-0.01624264662264657
1,C6,C5,0.0172756262324893
1,Enterobacteriaceae,C5,6.999384833717172e-6
1,Lactobacillaceae,C5,0.005584723688305374
1,Paenibacillaceae,C5,-0.009701078104762798
1,C1,C6,0.0011430361893640351
1,C2,C6,-3.0216175627900254e-4
1,C3,C6,0.0023209373181633263
1,C4,C6,-4.926755539204949e-4
1,C5,C6,9.674154276799563e-4
1,C6,C6,-9.827259414014237e-4
1,Enterobacteriaceae,C6,2.7068674090055927e-7
1,Lactobacillaceae,C6,2.285759733453134e-4
1,Paenibacillaceae,C6,-3.803691047903939e-4
1,C1,Enterobacteriaceae,6.511944386206925e-6
1,C2,Enterobacteriaceae,-1.751965102897183e-6
1,C3,Enterobacteriaceae,1.3671327245061239e-5
1,C4,Enterobacteriaceae,-2.8111423029497895e-6
1,C5,Enterobacteriaceae,5.345042741898606e-6
1,C6,Enterobacteriaceae,-5.685264074813319e-6
1,Enterobacteriaceae,Enterobacteriaceae,-2.5102936356298763e-9
1,Lactobacillaceae,Enterobacteriaceae,-2.0326391676522113e-6
1,Paenibacillaceae,Enterobacteriaceae,3.4915035063010492e-6
1,C1,Lactobacillaceae,0.00614804796751741
1,C2,Lactobacillaceae,-0.001654062880641774
1,C3,Lactobacillaceae,0.012907354654363486
1,C4,Lactobacillaceae,-0.0026540518003593827
1,C5,Lactobacillaceae,0.005046354393816408
1,C6,Lactobacillaceae,-0.005367563690192284
1,Enterobacteriaceae,Lactobacillaceae,-2.3700149708120895e-6
1,Lactobacillaceae,Lactobacillaceae,-0.001919052492194205
1,Paenibacillaceae,Lactobacillaceae,0.003296393482868417
1,C1,Paenibacillaceae,-0.009418530518921135
1,C2,Paenibacillaceae,0.0025339492801371086
1,C3,Paenibacillaceae,-0.019773481660025287
1,C4,Paenibacillaceae,0.0040658869307059675
1,C5,Paenibacillaceae,-0.007730785953292418
1,C6,Paenibacillaceae,0.0082228640204873
1,Enterobacteriaceae,Paenibacillaceae,3.630755395993977e-6
1,Lactobacillaceae,Paenibacillaceae,0.002939901341147366
1,Paenibacillaceae,Paenibacillaceae,-0.005049925242093679
2,C1,C1,0.019093725801835732
2,C2,C1,-0.004096708326769395
2,C3,C1,0.02174654429141964
2,C4,C1,-0.008477313450823263
2,C5,C1,0.02220715117100323
2,C6,C1,-0.013168460874997505
2,Enterobacteriaceae,C1,-8.986790436050255e-6
2,Lactobacillaceae,C1,-0.0017901864779565123
2,Paenibacillaceae,C1,0.010436387729615268
2,C1,C2,-0.027650902132166522
2,C2,C2,0.006593286535788492
2,C3,C2,-0.04289112959135759
2,C4,C2,0.012158533674703665
2,C5,C2,-0.02808015419757324
2,C6,C2,0.021248909298915642
2,Enterobacteriaceae,C2,1.662464818231542e-5
2,Lactobacillaceae,C2,0.0027741274880734553
2,Paenibacillaceae,C2,-0.018891835720699343
2,C1,C3,0.07002119551096019
2,C2,C3,-0.015864524110593015
2,C3,C3,0.09478038337069375
2,C4,C3,-0.030872774019299533
2,C5,C3,0.07609772527436885
2,C6,C3,-0.051159389155174165
2,Enterobacteriaceae,C3,-3.806302117008957e-5
2,Lactobacillaceae,C3,-0.0062553501919107345
2,Paenibacillaceae,C3,0.04336409427767569
2,C1,C4,-0.02745749133143533
2,C2,C4,0.006456982769754372
2,C3,C4,-0.04100725242757857
2,C4,C4,0.012093075056066127
2,C5,C4,-0.0284485650951062
2,C6,C4,0.020797822665886465
2,Enterobacteriaceae,C4,1.5988313628402847e-5
2,Lactobacillaceae,C4,0.002758701725433614
2,Paenibacillaceae,C4,-0.018228884075680716
2,C1,C5,-0.060756871491877355
2,C2,C5,0.01527257995678494
2,C3,C5,-0.10787399815689318
2,C4,C5,0.02656540324865522
2,C5,C5,-0.0568277828344918
2,C6,C5,0.049294356907492884
2,Enterobacteriaceae,C5,4.0899252321375446e-5
2,Lactobacillaceae,C5,0.006228344610053815
2,Paenibacillaceae,C5,-0.04604538493874872
2,C1,C6,-0.022300564602403313
2,C2,C6,0.004942735605904069
2,C3,C6,-0.02822548158367882
2,C4,C6,0.009860242824860383
2,C5,C6,-0.02493269349117683
2,C6,C6,0.015919353315797958
2,Enterobacteriaceae,C6,1.1458278094635078e-5
2,Lactobacillaceae,C6,0.002029635744484018
2,Paenibacillaceae,C6,-0.013147246397185862
2,C1,Enterobacteriaceae,-2.884079794083088e-6
2,C2,Enterobacteriaceae,1.2135055532832796e-7
2,C3,Enterobacteriaceae,4.898745257807306e-6
2,C4,Enterobacteriaceae,1.31912035802974e-6
2,C5,Enterobacteriaceae,-6.312732394734064e-6
2,C6,Enterobacteriaceae,4.2057900518902045e-7
2,Enterobacteriaceae,Enterobacteriaceae,-1.5935644437082264e-9
2,Lactobacillaceae,Enterobacteriaceae,-4.5919273270899943e-7
2,Paenibacillaceae,Enterobacteriaceae,1.78536970546221e-6
2,C1,Lactobacillaceae,0.019293010449109763
2,C2,Lactobacillaceae,-0.004697422070205381
2,C3,Lactobacillaceae,0.031662988846588934
2,C4,Lactobacillaceae,-0.008458360580311268
2,C5,Lactobacillaceae,0.01897562506802415
2,C6,Lactobacillaceae,-0.01515735357406329
2,Enterobacteriaceae,Lactobacillaceae,-1.170128784299472e-5
2,Lactobacillaceae,Lactobacillaceae,-0.0022269635050167426
2,Paenibacillaceae,Lactobacillaceae,0.01338873230095
2,C1,Paenibacillaceae,-0.004915694500566645
2,C2,Paenibacillaceae,0.0018106348317574515
2,C3,Paenibacillaceae,-0.018245218421899304
2,C4,Paenibacillaceae,0.002097324841507737
2,C5,Paenibacillaceae,-0.0011617672448518352
2,C6,Paenibacillaceae,0.005811789106525046
2,Enterobacteriaceae,Paenibacillaceae,6.513566251355534e-6
2,Lactobacillaceae,Paenibacillaceae,0.0014043908088821732
2,Paenibacillaceae,Paenibacillaceae,-0.007412732389640937
3,C1,C1,0.14468236114488844
3,C2,C1,9.801595965181834e-4
3,C3,C1,6.842553790596819e-5
3,C4,C1,-0.021051763966106713
3,C5,C1,0.2558502468277752
3,C6,C1,-0.06401764672133643
3,Enterobacteriaceae,C1,-5.945855908360005e-5
3,Lactobacillaceae,C1,0.015131047959115344
3,Paenibacillaceae,C1,0.07399542941634377
3,C1,C2,-0.091965054331347107
3,C2,C2,0.005999148408402556
3,C3,C2,-0.023977403913046574
3,C4,C2,0.02358395019485385
3,C5,C2,-0.14739523706534183
3,C6,C2,0.046260146660991666
3,Enterobacteriaceae,C2,4.2544707508387933e-5
3,Lactobacillaceae,C2,-0.008572444749000412
3,Paenibacillaceae,C2,-0.05170608062525482
3,C1,C3,0.2299440908306852
3,C2,C3,-0.01954323866944882
3,C3,C3,0.05741411033171445
3,C4,C3,-0.06834377489064693
3,C5,C3,0.3634768165417452
3,C6,C3,-0.11606087634830856
3,Enterobacteriaceae,C3,-1.0539446308215765e-4
3,Lactobacillaceae,C3,0.022881638104234294
3,Paenibacillaceae,C3,0.12811314206984056
3,C1,C4,-0.12192938144518194
3,C2,C4,0.00424414065086419
3,C3,C4,-0.01844111737720158
3,C4,C4,0.02554977902635486
3,C5,C4,-0.20393521430104553
3,C6,C4,0.05822749262946383
3,Enterobacteriaceae,C4,5.425003265475122e-5
3,Lactobacillaceae,C4,-0.012272867443117024
3,Paenibacillaceae,C4,-0.06646825651165592
3,C1,C5,-0.027347166554613292
3,C2,C5,0.024054066020129657
3,C3,C5,-0.08641923785018994
3,C4,C5,0.041466752093406126
3,C5,C5,0.007051821916510324
3,C6,C5,0.032259327196175885
3,Enterobacteriaceae,C5,2.747293002480138e-5
3,Lactobacillaceae,C5,0.0014220194359680284
3,Paenibacillaceae,C5,-0.029874553919017374
3,C1,C6,-0.11282362195022928
3,C2,C6,0.003283844413128349
3,C3,C6,-0.010846381833740036
3,C4,C6,0.023135003678274927
3,C5,C6,-0.19129194312894732
3,C6,C6,0.052632183820629085
3,Enterobacteriaceae,C6,4.84994487841366e-5
3,Lactobacillaceae,C6,-0.011657204927948911
3,Paenibacillaceae,C6,-0.05976497950414794
3,C1,Enterobacteriaceae,-5.302582633961743e-5
3,C2,Enterobacteriaceae,-2.578098307175828e-6
3,C3,Enterobacteriaceae,9.961701850092008e-6
3,C4,Enterobacteriaceae,4.548609979119385e-6
3,C5,Enterobacteriaceae,-9.943060983942554e-5
3,C6,Enterobacteriaceae,2.1245094050635942e-05
3,Enterobacteriaceae,Enterobacteriaceae,1.909465882629055e-8
3,Lactobacillaceae,Enterobacteriaceae,-6.172942679346642e-6
3,Paenibacillaceae,Enterobacteriaceae,-2.4196045647196736e-5
3,C1,Lactobacillaceae,0.056275087528935314
3,C2,Lactobacillaceae,-0.002254048223259245
3,C3,Lactobacillaceae,0.016537481636876163
3,C4,Lactobacillaceae,-0.011369943995065763
3,C5,Lactobacillaceae,0.09146771587340859
3,C6,Lactobacillaceae,-0.028376194970243723
3,Enterobacteriaceae,Lactobacillaceae,-2.54065866018028e-5
3,Lactobacillaceae,Lactobacillaceae,0.003952855418055841
3,Paenibacillaceae,Lactobacillaceae,0.031005350537515828
3,C1,Paenibacillaceae,0.042451702774615796
3,C2,Paenibacillaceae,0.005028997928661466
3,C3,Paenibacillaceae,-0.01956571460250814
3,C4,Paenibacillaceae,8.140996929869621e-4
3,C5,Paenibacillaceae,0.08667062612772983
3,C6,Paenibacillaceae,-0.014359600318358479
3,Enterobacteriaceae,Paenibacillaceae,-1.3154044963165435e-5
3,Lactobacillaceae,Paenibacillaceae,0.00575664261553888
3,Paenibacillaceae,Paenibacillaceae,0.017199982869541306
4,C1,C1,0.11942245828034202
4,C2,C1,0.19977674994430314
4,C3,C1,-0.18197875807337782
4,C4,C1,0.3507909071726276
4,C5,C1,0.5152173861106598
4,C6,C1,0.012970140901882676
4,Enterobacteriaceae,C1,1.3182976250492395e-5
4,Lactobacillaceae,C1,-0.0638026581567781
4,Paenibacillaceae,C1,-0.012337012031735513
4,C1,C2,-0.07642031812008677
4,C2,C2,-0.01977818819277828
4,C3,C2,-8.073164685716405e-5
4,C4,C2,-0.029491092184905924
4,C5,C2,-0.16003142453224448
4,C6,C2,0.02850275108873338
4,Enterobacteriaceae,C2,1.793352307551535e-5
4,Lactobacillaceae,C2,0.004338131783517866
4,Paenibacillaceae,C2,-0.027813283234919935
4,C1,C3,0.1842517024333037
4,C2,C3,0.11407545435251111
4,C3,C3,-0.07120736458867709
4,C4,C3,0.18795440903283625
4,C5,C3,0.4895045664096792
4,C6,C3,-0.04844165070135123
4,Enterobacteriaceae,C3,-3.559638297690719e-5
4,Lactobacillaceae,C3,-0.032813877681497745
4,Paenibacillaceae,C3,0.04969058419509014
4,C1,C4,-0.10444087607398554
4,C2,C4,-0.013828193608374973
4,C3,C4,-0.006731371158304929
4,C4,C4,-0.016921714641638518
4,C5,C4,-0.20038911179898253
4,C6,C4,0.04099517308227154
4,Enterobacteriaceae,C4,2.250988639712539e-5
4,Lactobacillaceae,C4,3.1595288318348873e-4
4,Paenibacillaceae,C4,-0.03898291918197423
4,C1,C5,-0.01796756339339591
4,C2,C5,0.21987445480042497
4,C3,C5,-0.2553202350029629
4,C4,C5,0.39926456046450615
4,C5,C5,0.31911221490741276
4,C6,C5,0.0876566657146799
4,Enterobacteriaceae,C5,6.914027455287232e-5
4,Lactobacillaceae,C5,-0.07283986988218694
4,Paenibacillaceae,C5,-0.08710500055270869
4,C1,C6,-0.09261678247204247
4,C2,C6,-0.10417709573205769
4,C3,C6,0.0878891661244914
4,C4,C6,-0.17991513190515288
4,C5,C6,-0.32023986498301493
4,C6,C6,0.00723954140834057
4,Enterobacteriaceae,C6,3.0304956834909773e-6
4,Lactobacillaceae,C6,0.032085857791993064
4,Paenibacillaceae,C6,-0.007522912485938933
4,C1,Enterobacteriaceae,-4.5675416598028744e-5
4,C2,Enterobacteriaceae,-5.170167505926425e-5
4,C3,Enterobacteriaceae,5.0830438108981486e-5
4,C4,Enterobacteriaceae,-8.93976476096331e-5
4,C5,Enterobacteriaceae,-1.6064059485581e-4
4,C6,Enterobacteriaceae,1.413363682050086e-6
4,Enterobacteriaceae,Enterobacteriaceae,-3.275606058887494e-9
4,Lactobacillaceae,Enterobacteriaceae,1.4937737090172145e-5
4,Paenibacillaceae,Enterobacteriaceae,-6.7688204221576274e-9
4,C1,Lactobacillaceae,0.04659427072339644
4,C2,Lactobacillaceae,0.03471334792480065
4,C3,Lactobacillaceae,-0.019318962826226103
4,C4,Lactobacillaceae,0.059429060569113026
4,C5,Lactobacillaceae,0.13169204041574428
4,C6,Lactobacillaceae,-0.010627208419222212
4,Enterobacteriaceae,Lactobacillaceae,-5.937011368361453e-6
4,Lactobacillaceae,Lactobacillaceae,-0.011377646514518837
4,Paenibacillaceae,Lactobacillaceae,0.009842303435376655
4,C1,Paenibacillaceae,0.037800352671987336
4,C2,Paenibacillaceae,0.053617678680469134
4,C3,Paenibacillaceae,-0.058069625844322355
4,C4,Paenibacillaceae,0.09355081556114876
4,C5,Paenibacillaceae,0.1512758280750193
4,C6,Paenibacillaceae,0.003739006061799357
4,Enterobacteriaceae,Paenibacillaceae,7.70192849299065e-6
4,Lactobacillaceae,Paenibacillaceae,-0.015278317035644596
4,Paenibacillaceae,Paenibacillaceae,-0.005220463465702085
5,C1,C1,0.014888640814650855
5,C2,C1,0.16600677365351715
5,C3,C1,-0.24771350121367047
5,C4,C1,0.22887439122762407
5,C5,C1,0.2946559425880268
5,C6,C1,0.017754714878941046
5,Enterobacteriaceae,C1,-0.0011720813240206226
5,Lactobacillaceae,C1,0.06250706593969815
5,Paenibacillaceae,C1,0.2114700562314734
5,C1,C2,-0.075901705247584
5,C2,C2,-0.014539171189595045
5,C3,C2,-0.019331148625537496
5,C4,C2,-0.03309169123254036
5,C5,C2,-0.14919665192642154
5,C6,C2,0.024045010075510218
5,Enterobacteriaceae,C2,-2.0913984925121563e-4
5,Lactobacillaceae,C2,0.02518914735088081
5,Paenibacillaceae,C2,0.020372930516578007
5,C1,C3,0.12276891915205382
5,C2,C3,0.09342628029629657
5,C3,C3,-0.0880748948525821
5,C4,C3,0.13583409761429613
5,C5,C3,0.3563994213674587
5,C6,C3,-0.036206742070797306
5,Enterobacteriaceae,C3,-3.7982614848845953e-4
5,Lactobacillaceae,C3,0.008889267793981097
5,Paenibacillaceae,C3,0.10860158680392475
5,C1,C4,-0.11854265606728087
5,C2,C4,-0.007801163815338191
5,C3,C4,-0.05118371968356623
5,C4,C4,-0.035146150209436774
5,C5,C4,-0.20986410498179417
5,C6,C4,0.03590932542108175
5,Enterobacteriaceae,C4,-5.05924471469959e-4
5,Lactobacillaceae,C4,0.052560236897877394
5,Paenibacillaceae,C4,0.07189334431621447
5,C1,C5,-0.12460309738218003
5,C2,C5,0.1848461610895987
5,C3,C5,-0.3452541776075387
5,C4,C5,0.24927788984961016
5,C5,C5,0.09596707530849453
5,C6,C5,0.0800185323579681
5,Enterobacteriaceae,C5,-0.0015730748931157548
5,Lactobacillaceae,C5,0.10015912651557014
5,Paenibacillaceae,C5,0.24036173993561905
5,C1,C6,-0.034215008373399323
5,C2,C6,-0.08608573987160242
5,C3,C6,0.12017629490479707
5,C4,C6,-0.11765578585998195
5,C5,C6,-0.19727030214671518
5,C6,C6,0.0021582999878433074
5,Enterobacteriaceae,C6,5.848697784136673e-4
5,Lactobacillaceae,C6,-0.028905259247864707
5,Paenibacillaceae,C6,-0.11176987423804016
5,C1,Enterobacteriaceae,1.2102504763668596e-4
5,C2,Enterobacteriaceae,-4.363152006329433e-5
5,C3,Enterobacteriaceae,2.2517777591414756e-4
5,C4,Enterobacteriaceae,5.536838614912656e-5
5,C5,Enterobacteriaceae,1.2591355869801283e-4
5,C6,Enterobacteriaceae,-1.092045036326303e-5
5,Enterobacteriaceae,Enterobacteriaceae,2.287748913555831e-6
5,Lactobacillaceae,Enterobacteriaceae,-1.678871513393169e-4
5,Paenibacillaceae,Enterobacteriaceae,-3.3426827557136703e-4
5,C1,Lactobacillaceae,0.01219248143016859
5,C2,Lactobacillaceae,0.028394340173188624
5,C3,Lactobacillaceae,-0.04515734676403215
5,C4,Lactobacillaceae,0.02819610923399105
5,C5,Lactobacillaceae,0.0655642152308827
5,C6,Lactobacillaceae,-0.006467886343517923
5,Enterobacteriaceae,Lactobacillaceae,-3.6792025298942475e-4
5,Lactobacillaceae,Lactobacillaceae,0.020722287023886985
5,Paenibacillaceae,Lactobacillaceae,0.063868671090010945
5,C1,Paenibacillaceae,-0.01312330811636535
5,C2,Paenibacillaceae,0.04389388398200526
5,C3,Paenibacillaceae,-0.0977470170229212
5,C4,Paenibacillaceae,0.04102925370468608
5,C5,Paenibacillaceae,0.052007530413701195
5,C6,Paenibacillaceae,0.006405959907785865
5,Enterobacteriaceae,Paenibacillaceae,-6.240368914544465e-4
5,Lactobacillaceae,Paenibacillaceae,0.039133092130892375
5,Paenibacillaceae,Paenibacillaceae,0.09217876445993797
6,C1,C1,-0.0328956651557288
6,C2,C1,0.16094884576846272
6,C3,C1,-0.2706313946078783
6,C4,C1,0.17821130113987774
6,C5,C1,0.18752153124104923
6,C6,C1,0.026969369022934207
6,Enterobacteriaceae,C1,-0.010737312863615487
6,Lactobacillaceae,C1,0.30518597544453074
6,Paenibacillaceae,C1,0.20962307544790318
6,C1,C2,-0.0732054096488032
6,C2,C2,-0.00697874522608026
6,C3,C2,-0.030668028003608
6,C4,C2,-0.030089807029793147
6,C5,C2,-0.1366427761738634
6,C6,C2,0.022746454919781407
6,Enterobacteriaceae,C2,-0.002294875172613504
6,Lactobacillaceae,C2,0.07573495390532543
6,Paenibacillaceae,C2,0.02407396852094379
6,C1,C3,0.09696921417378417
6,C2,C3,0.08028469082358727
6,C3,C3,-0.08024923641205949
6,C4,C3,0.11139769970149715
6,C5,C3,0.28948823925451306
6,C6,C3,-0.02877527305996258
6,Enterobacteriaceae,C3,-0.0015111559714315222
6,Lactobacillaceae,C3,0.038744180787058644
6,Paenibacillaceae,C3,0.09473281335169688
6,C1,C4,-0.11079183118432982
6,C2,C4,-1.422086423307179e-4
6,C3,C4,-0.06018366142350082
6,C4,C4,-0.03246920158568689
6,C5,C4,-0.18996048201542629
6,C6,C4,0.033133558048326114
6,Enterobacteriaceae,C4,-0.003115295258145445
6,Lactobacillaceae,C4,0.11365897212951412
6,Paenibacillaceae,C4,0.06918826016549431
6,C1,C5,-0.1562091635730834
6,C2,C5,0.18050333612303898
6,C3,C5,-0.3622997310372183
6,C4,C5,0.19311391025920663
6,C5,C5,0.012926355153450492
6,C6,C5,0.0806521230020203
6,Enterobacteriaceae,C5,-0.012760402584900049
6,Lactobacillaceae,C5,0.38052764881422774
6,Paenibacillaceae,C5,0.23974748727020825
6,C1,C6,-2.0287318019438912e-4
6,C2,C6,-0.08582448191185539
6,C3,C6,0.1402888757974597
6,C4,C6,-0.09036207726149552
6,C5,C6,-0.12826765171352342
6,C6,C6,-0.005851738036609729
6,Enterobacteriaceae,C6,0.006528199505059942
6,Lactobacillaceae,C6,-0.18061844411590727
6,Paenibacillaceae,C6,-0.11373050942676843
6,C1,Enterobacteriaceae,0.00149940288896639
6,C2,Enterobacteriaceae,-6.937970701919227e-4
6,C3,Enterobacteriaceae,0.0022118673667364344
6,C4,Enterobacteriaceae,3.780076722251495e-4
6,C5,Enterobacteriaceae,0.0018029131460252674
6,C6,Enterobacteriaceae,-4.0458429294826557e-4
6,Enterobacteriaceae,Enterobacteriaceae,2.5737043658246775e-4
6,Lactobacillaceae,Enterobacteriaceae,-0.006634437477822607
6,Paenibacillaceae,Enterobacteriaceae,-0.0010168355342983911
6,C1,Lactobacillaceae,-0.05065952726648968
6,C2,Lactobacillaceae,0.05300701537205461
6,C3,Lactobacillaceae,-0.1251983164073518
6,C4,Lactobacillaceae,0.008452050244237334
6,C5,Lactobacillaceae,-0.020410993334106457
6,C6,Lactobacillaceae,0.011541341434347858
6,Enterobacteriaceae,Lactobacillaceae,-0.012113492377854416
6,Lactobacillaceae,Lactobacillaceae,0.31979067879230105
6,Paenibacillaceae,Lactobacillaceae,0.08991789519873046
6,C1,Paenibacillaceae,-0.06594684071957783
6,C2,Paenibacillaceae,0.06416894236595647
6,C3,Paenibacillaceae,-0.16023317643047996
6,C4,Paenibacillaceae,0.01984967554603575
6,C5,Paenibacillaceae,-0.025936643183199444
6,C6,Paenibacillaceae,0.020294840192443108
6,Enterobacteriaceae,Paenibacillaceae,-0.012096517587840734
6,Lactobacillaceae,Paenibacillaceae,0.33199468708989854
6,Paenibacillaceae,Paenibacillaceae,0.11589768385441201
7,C1,C1,-0.06283130487470305
7,C2,C1,0.13979900668148781
7,C3,C1,-0.28281485286957536
7,C4,C1,0.14422827657106557
7,C5,C1,0.12657855631537118
7,C6,C1,0.033057847352697976
7,Enterobacteriaceae,C1,-0.008961264258074588
7,Lactobacillaceae,C1,0.20346820083974568
7,Paenibacillaceae,C1,0.16996085759722673
7,C1,C2,-0.07251826175922249
7,C2,C2,-0.005360676743107626
7,C3,C2,-0.04091672440130302
7,C4,C2,-0.02806445694229366
7,C5,C2,-0.12649496959226103
7,C6,C2,0.02229979315437937
7,Enterobacteriaceae,C2,-0.001899959009326363
7,Lactobacillaceae,C2,0.04832442643718293
7,Paenibacillaceae,C2,0.01794385820305609
7,C1,C3,0.08766761589407696
7,C2,C3,0.06795195399352254
7,C3,C3,-0.06147522114098635
7,C4,C3,0.09628130155979323
7,C5,C3,0.25214415213391944
7,C6,C3,-0.026176385007746945
7,Enterobacteriaceae,C3,-0.0013366796476563258
7,Lactobacillaceae,C3,0.04109015767461297
7,Paenibacillaceae,C3,0.08262877467360351
7,C1,C4,-0.10157168956007258
7,C2,C4,2.079290801668288e-4
7,C3,C4,-0.061561490983654314
7,C4,C4,-0.029392871293905838
7,C5,C4,-0.16908691263144013
7,C6,C4,0.030249370750846345
7,Enterobacteriaceae,C4,-0.0026237246997474176
7,Lactobacillaceae,C4,0.08588206674895359
7,Paenibacillaceae,C4,0.05741273030942467
7,C1,C5,-0.1698284001010262
7,C2,C5,0.15652646167696554
7,C3,C5,-0.3634761148657807
7,C4,C5,0.15658423916159392
7,C5,C5,-0.024232077550688496
7,C6,C5,0.07936011453187347
7,Enterobacteriaceae,C5,-0.01068392051798004
7,Lactobacillaceae,C5,0.2653325591576188
7,Paenibacillaceae,C5,0.19536941970012303
7,C1,C6,0.024972633416165367
7,C2,C6,-0.07511281312730765
7,C3,C6,0.1572466107183858
7,C4,C6,-0.07139110647714837
7,C5,C6,-0.08521859570576762
7,C6,C6,-0.012325760892728145
7,Enterobacteriaceae,C6,0.005417807168078583
7,Lactobacillaceae,C6,-0.1127545319787741
7,Paenibacillaceae,C6,-0.09040031567903427
7,C1,Enterobacteriaceae,0.003643925827275569
7,C2,Enterobacteriaceae,-7.54628308695512e-4
7,C3,Enterobacteriaceae,0.0053931321454457545
7,C4,Enterobacteriaceae,8.754878175949329e-4
7,C5,Enterobacteriaceae,0.00383964660363915
7,C6,Enterobacteriaceae,-0.0010327496208225935
7,Enterobacteriaceae,Enterobacteriaceae,2.0452976122846842e-4
7,Lactobacillaceae,Enterobacteriaceae,-0.0017571620889166174
7,Paenibacillaceae,Enterobacteriaceae,-2.239218726147329e-4
7,C1,Lactobacillaceae,-0.12149941671529059
7,C2,Lactobacillaceae,0.0500905940961123
7,C3,Lactobacillaceae,-0.22282598798663994
7,C4,Lactobacillaceae,-0.01117752932639758
7,C5,Lactobacillaceae,-0.09353118985483122
7,C6,Lactobacillaceae,0.03231885071820543
7,Enterobacteriaceae,Lactobacillaceae,-0.009866648934103902
7,Lactobacillaceae,Lactobacillaceae,0.14395911770019937
7,Paenibacillaceae,Lactobacillaceae,0.056079660722466174
7,C1,Paenibacillaceae,-0.1080111739300628
7,C2,Paenibacillaceae,0.05841008175962576
7,C3,Paenibacillaceae,-0.2135529234822382
7,C4,Paenibacillaceae,0.004905162394025085
7,C5,Paenibacillaceae,-0.07240484010421473
7,C6,Paenibacillaceae,0.032371550491541556
7,Enterobacteriaceae,Paenibacillaceae,-0.010003180895298143
7,Lactobacillaceae,Paenibacillaceae,0.19829049570983173
7,Paenibacillaceae,Paenibacillaceae,0.08497800455279311
8,C1,C1,-0.07562102645636756
8,C2,C1,0.14822692603847695
8,C3,C1,-0.28154843896104775
8,C4,C1,0.12415447135463427
8,C5,C1,0.08525342172369545
8,C6,C1,0.0430390756280634
8,Enterobacteriaceae,C1,-0.008218560668949909
8,Lactobacillaceae,C1,0.1340762663995837
8,Paenibacillaceae,C1,0.14119107318656746
8,C1,C2,-0.0718456579698623
8,C2,C2,0.005904087060205224
8,C3,C2,-0.04976750255957563
8,C4,C2,-0.02544113569608156
8,C5,C2,-0.12127517882245009
8,C6,C2,0.02497531837718544
8,Enterobacteriaceae,C2,-0.0018282790159035998
8,Lactobacillaceae,C2,0.024416707080509515
8,Paenibacillaceae,C2,0.012562553067181929
8,C1,C3,0.08536287155070675
8,C2,C3,0.04836395610654385
8,C3,C3,-0.03916620000214651
8,C4,C3,0.08501953615065538
8,C5,C3,0.23131482052861474
8,C6,C3,-0.028606941992187496
8,Enterobacteriaceae,C3,-9.916624668581564e-4
8,Lactobacillaceae,C3,0.05430508341028041
8,Paenibacillaceae,C3,0.07532601706163368
8,C1,C4,-0.09171778911003464
8,C2,C4,0.003975933134189366
8,C3,C4,-0.05877937051843034
8,C4,C4,-0.025920697526009364
8,C5,C4,-0.15131453979261208
8,C6,C4,0.028496515110268374
8,Enterobacteriaceae,C4,-0.0023470845441311058
8,Lactobacillaceae,C4,0.0686869324045063
8,Paenibacillaceae,C4,0.049103942033015775
8,C1,C5,-0.16818389797903968
8,C2,C5,0.16177963936443052
8,C3,C5,-0.35057165812755575
8,C4,C5,0.13509889302391248
8,C5,C5,-0.045218838377945894
8,C6,C5,0.08300041937007811
8,Enterobacteriaceae,C5,-0.009702685203350292
8,Lactobacillaceae,C5,0.18994234487701694
8,Paenibacillaceae,C5,0.16375745753035476
8,C1,C6,0.03781580456836475
8,C2,C6,-0.08577037578382761
8,C3,C6,0.1640008111726712
8,C4,C6,-0.06097368188453587
8,C5,C6,-0.05495983895485066
8,C6,C6,-0.02173025905735667
8,Enterobacteriaceae,C6,0.005034001938699799
8,Lactobacillaceae,C6,-0.06479862977390452
8,Paenibacillaceae,C6,-0.07337450781840803
8,C1,Enterobacteriaceae,0.004740737381519077
8,C2,Enterobacteriaceae,-0.002615890503096542
8,C3,Enterobacteriaceae,0.007299496197631868
8,C4,Enterobacteriaceae,9.077769949071422e-4
8,C5,Enterobacteriaceae,0.005268632466311432
8,C6,Enterobacteriaceae,-0.0019547435424499752
8,Enterobacteriaceae,Enterobacteriaceae,2.0817286064584437e-4
8,Lactobacillaceae,Enterobacteriaceae,0.0017385540053419357
8,Paenibacillaceae,Enterobacteriaceae,3.559203140825323e-4
8,C1,Lactobacillaceae,-0.1490713704109097
8,C2,Lactobacillaceae,0.09793593995093168
8,C3,Lactobacillaceae,-0.2662405810683073
8,C4,Lactobacillaceae,-0.013363497051507892
8,C5,Lactobacillaceae,-0.13370925805438644
8,C6,Lactobacillaceae,0.057830892426782715
8,Enterobacteriaceae,Lactobacillaceae,-0.00942002041096658
8,Lactobacillaceae,Lactobacillaceae,0.035291660780813354
8,Paenibacillaceae,Lactobacillaceae,0.034051102564157616
8,C1,Paenibacillaceae,-0.12764709980942254
8,C2,Paenibacillaceae,0.09289607772394569
8,C3,Paenibacillaceae,-0.2419178349194169
8,C4,Paenibacillaceae,0.0012925349342138013
8,C5,Paenibacillaceae,-0.1040265265132566
8,C6,Paenibacillaceae,0.05089334952601203
8,Enterobacteriaceae,Paenibacillaceae,-0.009365983042519739
8,Lactobacillaceae,Paenibacillaceae,0.1031732216468023
8,Paenibacillaceae,Paenibacillaceae,0.06248517233064851
9,C1,C1,-0.08952431227233539
9,C2,C1,0.13874612666869623
9,C3,C1,-0.27775166431724385
9,C4,C1,0.09654632450503894
9,C5,C1,0.030469811239152964
9,C6,C1,0.033055530866236575
9,Enterobacteriaceae,C1,-0.01957209608860232
9,Lactobacillaceae,C1,0.037125026747360436
9,Paenibacillaceae,C1,0.1653393743968352
9,C1,C2,-0.07799774416679764
9,C2,C2,0.009591777217079505
9,C3,C2,-0.06175575800206845
9,C4,C2,-0.031354393373697394
9,C5,C2,-0.13622804849142256
9,C6,C2,0.01888946793546695
9,Enterobacteriaceae,C2,-0.009326156841889637
9,Lactobacillaceae,C2,-0.029876370863042765
9,Paenibacillaceae,C2,0.03611801541134086
9,C1,C3,0.0916223826189231
9,C2,C3,0.03828324600917667
9,C3,C3,-0.01527257977690002
9,C4,C3,0.0853355935471787
9,C5,C3,0.23699980465601814
9,C6,C3,-0.02175651028881858
9,Enterobacteriaceae,C3,0.007554215286587867
9,Lactobacillaceae,C3,0.1049891123611686
9,Paenibacillaceae,C3,0.039776368201482344
9,C1,C4,-0.08253423319392539
9,C2,C4,0.004121929058529071
9,C3,C4,-0.05368110396923703
9,C4,C4,-0.023582655583482902
9,C5,C4,-0.13676333588730671
9,C6,C4,0.025022727660881018
9,Enterobacteriaceae,C4,-0.0028567648662142964
9,Lactobacillaceae,C4,0.05616109132229313
9,Paenibacillaceae,C4,0.04636665039912797
9,C1,C5,-0.16482765028328622
9,C2,C5,0.14914000541662806
9,C3,C5,-0.33076367476082874
9,C4,C5,0.11070906345044061
9,C5,C5,-0.07191380570127406
9,C6,C5,0.07009114448963066
9,Enterobacteriaceae,C5,-0.017469201107260492
9,Lactobacillaceae,C5,0.11024318351480968
9,Paenibacillaceae,C5,0.17476209218006952
9,C1,C6,0.05348026530060075
9,C2,C6,-0.08213561864947357
9,C3,C6,0.17014149193583308
9,C4,C6,-0.04180390967686097
9,C5,C6,-0.008889942459707551
9,C6,C6,-0.014730000632272137
9,Enterobacteriaceae,C6,0.015136529864514942
9,Lactobacillaceae,C6,0.0141741884929995
9,Paenibacillaceae,C6,-0.09950205164316461
9,C1,Enterobacteriaceae,0.007790770463923378
9,C2,Enterobacteriaceae,-0.0031932411940717815
9,C3,Enterobacteriaceae,0.010799410006490878
9,C4,Enterobacteriaceae,0.0031205543025786655
9,C5,Enterobacteriaceae,0.011692279810025047
9,C6,Enterobacteriaceae,-9.243796238673878e-4
9,Enterobacteriaceae,Enterobacteriaceae,0.0019658305588268676
9,Lactobacillaceae,Enterobacteriaceae,0.013821660857120032
9,Paenibacillaceae,Enterobacteriaceae,-0.00519802266960436
9,C1,Lactobacillaceae,-0.1683263007749918
9,C2,Lactobacillaceae,0.09957282574482783
9,C3,Lactobacillaceae,-0.28160265050919364
9,C4,Lactobacillaceae,-0.03329003501323568
9,C5,Lactobacillaceae,-0.19217922947974347
9,C6,Lactobacillaceae,0.04302575957885777
9,Enterobacteriaceae,Lactobacillaceae,-0.0287924626623848
9,Lactobacillaceae,Lactobacillaceae,-0.10345058379069352
9,Paenibacillaceae,Lactobacillaceae,0.09791459962644662
9,C1,Paenibacillaceae,-0.15858188919064115
9,C2,Paenibacillaceae,0.09564173891961679
9,C3,Paenibacillaceae,-0.27037320762777095
9,C4,Paenibacillaceae,-0.02708036395069474
9,C5,Paenibacillaceae,-0.18267149203165103
9,C6,Paenibacillaceae,0.03483985250693619
9,Enterobacteriaceae,Paenibacillaceae,-0.03223800188056779
9,Lactobacillaceae,Paenibacillaceae,-0.06995689781458009
9,Paenibacillaceae,Paenibacillaceae,0.13201338210606772
10,C1,C1,-0.09828366649307253
10,C2,C1,0.11951892211680638
10,C3,C1,-0.266637187311353
10,C4,C1,0.07100060472253057
10,C5,C1,0.010081885057255284
10,C6,C1,0.032010622378111996
10,Enterobacteriaceae,C1,-0.025186007218471352
10,Lactobacillaceae,C1,-0.019525844717509004
10,Paenibacillaceae,C1,0.13641686452880258
10,C1,C2,-0.08261203940617362
10,C2,C2,0.004952385527536174
10,C3,C2,-0.0673947497547178
10,C4,C2,-0.039260100566308145
10,C5,C2,-0.1346189733633526
10,C6,C2,0.01860286574491099
10,Enterobacteriaceae,C2,-0.013734292666742596
10,Lactobacillaceae,C2,-0.06407476531148901
10,Paenibacillaceae,C2,0.02392100561221084
10,C1,C3,0.10091717257447926
10,C2,C3,0.03977417243087093
10,C3,C3,0.004006194623192829
10,C4,C3,0.09327566528863843
10,C5,C3,0.2310128010889842
10,C6,C3,-0.0218694796165064
10,Enterobacteriaceae,C3,0.0145695854480607
10,Lactobacillaceae,C3,0.1489482767471609
10,Paenibacillaceae,C3,0.048648198348243014
10,C1,C4,-0.07059852771683256
10,C2,C4,0.004680249979847045
10,C3,C4,-0.044747111914307774
10,C4,C4,-0.017905802491711708
10,C5,C4,-0.11952649780241872
10,C6,C4,0.02211466260635664
10,Enterobacteriaceae,C4,-0.0011749619233185347
10,Lactobacillaceae,C4,0.0605878852587112
10,Paenibacillaceae,C4,0.04432170315492972
10,C1,C5,-0.15500971676858627
10,C2,C5,0.1320587291264577
10,C3,C5,-0.30382767808502553
10,C4,C5,0.09351064432457487
10,C5,C5,-0.07134392064977282
10,C6,C5,0.06391567517030744
10,Enterobacteriaceae,C5,-0.01864752373077237
10,Lactobacillaceae,C5,0.07866701685771411
10,Paenibacillaceae,C5,0.1524530463037639
10,C1,C6,0.06868724413113167
10,C2,C6,-0.06785283100369267
10,C3,C6,0.17262340447650068
10,C4,C6,-0.019227664614819628
10,C5,C6,0.01198861404747066
10,C6,C6,-0.015844946376104837
10,Enterobacteriaceae,C6,0.022309619699342913
10,Lactobacillaceae,C6,0.07361780014344123
10,Paenibacillaceae,C6,-0.07520172171481199
10,C1,Enterobacteriaceae,0.013122264743835228
10,C2,Enterobacteriaceae,-0.001137597377842237
10,C3,Enterobacteriaceae,0.015592632170721876
10,C4,Enterobacteriaceae,0.008302089018273945
10,C5,Enterobacteriaceae,0.01641300275645655
10,C6,Enterobacteriaceae,-0.0015600275858243529
10,Enterobacteriaceae,Enterobacteriaceae,0.004270306904590345
10,Lactobacillaceae,Enterobacteriaceae,0.030168934078925132
10,Paenibacillaceae,Enterobacteriaceae,-3.467228566219624e-4
10,C1,Lactobacillaceae,-0.16756784103039035
10,C2,Lactobacillaceae,0.08455169071122633
10,C3,Lactobacillaceae,-0.268397623395504
10,C4,Lactobacillaceae,-0.0440933676160306
10,C5,Lactobacillaceae,-0.18873402468490358
10,C6,Lactobacillaceae,0.040984244261721516
10,Enterobacteriaceae,Lactobacillaceae,-0.033186407671665225
10,Lactobacillaceae,Lactobacillaceae,-0.1428276490644185
10,Paenibacillaceae,Lactobacillaceae,0.0773185918657017
10,C1,Paenibacillaceae,-0.1893094951002305
10,C2,Paenibacillaceae,0.07237319443801826
10,C3,Paenibacillaceae,-0.2876309770714175
10,C4,Paenibacillaceae,-0.06590794193981554
10,C5,Paenibacillaceae,-0.20961206237306151
10,C6,Paenibacillaceae,0.037264241313496
10,Enterobacteriaceae,Paenibacillaceae,-0.04877054860476176
10,Lactobacillaceae,Paenibacillaceae,-0.2012067217926247
10,Paenibacillaceae,Paenibacillaceae,0.08641573667956808
11,C1,C1,-0.1016570973874952
11,C2,C1,0.11261934133474542
11,C3,C1,-0.2590441875499206
11,C4,C1,0.05193907523952239
11,C5,C1,-0.006773868225172481
11,C6,C1,0.025232559013056988
11,Enterobacteriaceae,C1,-0.026080253916334277
11,Lactobacillaceae,C1,-0.02650467086924546
11,Paenibacillaceae,C1,0.10923894897203021
11,C1,C2,-0.0845265582427768
11,C2,C2,0.007586028272974409
11,C3,C2,-0.07397111984959233
11,C4,C2,-0.04511738541457409
11,C5,C2,-0.13439986596911022
11,C6,C2,0.014077912826877571
11,Enterobacteriaceae,C2,-0.014869533426469975
11,Lactobacillaceae,C2,-0.06490323115487161
11,Paenibacillaceae,C2,0.01045123100311956
11,C1,C3,0.10989028605604775
11,C2,C3,0.030198956484630016
11,C3,C3,0.028037950092238362
11,C4,C3,0.10278090258765984
11,C5,C3,0.23307108262446039
11,C6,C3,-0.014526151814452545
11,Enterobacteriaceae,C3,0.017811381518642342
11,Lactobacillaceae,C3,0.14815252041126925
11,Paenibacillaceae,C3,0.06585539945717361
11,C1,C4,-0.05679675367778922
11,C2,C4,0.0018910913520762138
11,C3,C4,-0.031012620643749773
11,C4,C4,-0.009171396383719603
11,C5,C4,-0.0992962055906133
11,C6,C4,0.022100910004465454
11,Enterobacteriaceae,C4,7.181311481791261e-4
11,Lactobacillaceae,C4,0.060184818703008035
11,Paenibacillaceae,C4,0.04899992491739527
11,C1,C5,-0.14306213562868458
11,C2,C5,0.12072042744395832
11,C3,C5,-0.2792773252395883
11,C4,C5,0.08241323574740136
11,C5,C5,-0.06782414957138728
11,C6,C5,0.057176358855041236
11,Enterobacteriaceae,C5,-0.01760031887843425
11,Lactobacillaceae,C5,0.0698215825954197
11,Paenibacillaceae,C5,0.13582814494642367
11,C1,C6,0.0807122468969664
11,C2,C6,-0.067593942571256
11,C3,C6,0.18139215909337053
11,C4,C6,7.689145647478464e-4
11,C5,C6,0.03429728326411013
11,C6,C6,-0.008967674262659054
11,Enterobacteriaceae,C6,0.024889139194775933
11,Lactobacillaceae,C6,0.0798071345098779
11,Paenibacillaceae,C6,-0.04653618435701038
11,C1,Enterobacteriaceae,0.018336105449302666
11,C2,Enterobacteriaceae,-0.00311347054527685
11,C3,Enterobacteriaceae,0.022749524680865826
11,C4,Enterobacteriaceae,0.013899957067705082
11,C5,Enterobacteriaceae,0.023090350141944757
11,C6,Enterobacteriaceae,4.593480010683298e-4
11,Enterobacteriaceae,Enterobacteriaceae,0.0054827038173902365
11,Lactobacillaceae,Enterobacteriaceae,0.03193310076608075
11,Paenibacillaceae,Enterobacteriaceae,0.007317035867198214
11,C1,Lactobacillaceae,-0.15875215091873585
11,C2,Lactobacillaceae,0.07894211953410422
11,C3,Lactobacillaceae,-0.25267608099436495
11,C4,Lactobacillaceae,-0.046664805437811374
11,C5,Lactobacillaceae,-0.1798385597712715
11,C6,Lactobacillaceae,0.03521067309739669
11,Enterobacteriaceae,Lactobacillaceae,-0.031828640763272305
11,Lactobacillaceae,Lactobacillaceae,-0.13436390310784418
11,Paenibacillaceae,Lactobacillaceae,0.06245875133923216
11,C1,Paenibacillaceae,-0.20684336042210996
11,C2,Paenibacillaceae,0.07717185243595669
11,C3,Paenibacillaceae,-0.3086741667097441
11,C4,Paenibacillaceae,-0.09512533605260647
11,C5,Paenibacillaceae,-0.2352172067980437
11,C6,Paenibacillaceae,0.023090198983744904
11,Enterobacteriaceae,Paenibacillaceae,-0.05329333244729406
11,Lactobacillaceae,Paenibacillaceae,-0.20744539486749142
11,Paenibacillaceae,Paenibacillaceae,0.037164454802893564
12,C1,C1,-0.10422801148029683
12,C2,C1,0.1005369105343028
12,C3,C1,-0.24694137307431085
12,C4,C1,0.04442225272128505
12,C5,C1,-0.027742203812805996
12,C6,C1,0.022674157142102396
12,Enterobacteriaceae,C1,-0.01770105391090153
12,Lactobacillaceae,C1,-0.01642621072485584
12,Paenibacillaceae,C1,0.08353301920209133
12,C1,C2,-0.08743742047509859
12,C2,C2,0.004570753723611704
12,C3,C2,-0.07647961395323763
12,C4,C2,-0.04415964564067456
12,C5,C2,-0.14257644824340285
12,C6,C2,0.012479536752077818
12,Enterobacteriaceae,C2,-0.00805831300729298
12,Lactobacillaceae,C2,-0.05240914136777701
12,Paenibacillaceae,C2,-0.005294747193341577
12,C1,C3,0.12232612679230696
12,C2,C3,0.03292423560312428
12,C3,C3,0.04464813390306752
12,C4,C3,0.10023040539468407
12,C5,C3,0.2560102649050408
12,C6,C3,-0.012284714987057787
12,Enterobacteriaceae,C3,0.0044434158002886704
12,Lactobacillaceae,C3,0.12097801536477787
12,Paenibacillaceae,C3,0.09229450238961659
12,C1,C4,-0.041731544033927113
12,C2,C4,0.004238521826855023
12,C3,C4,-0.019391715563165508
12,C4,C4,-0.005512061616248514
12,C5,C4,-0.070729188416361
12,C6,C4,0.020737079537287588
12,Enterobacteriaceae,C4,-0.0049826289759802075
12,Lactobacillaceae,C4,0.048119169714062555
12,Paenibacillaceae,C4,0.06006426572878733
12,C1,C5,-0.12903409389019316
12,C2,C5,0.11122323598467779
12,C3,C5,-0.2539343036844858
12,C4,C5,0.07598934808444391
12,C5,C5,-0.057654137837952445
12,C6,C5,0.05263333372071827
12,Enterobacteriaceae,C5,-0.017002289410714754
12,Lactobacillaceae,C5,0.06326311531981459
12,Paenibacillaceae,C5,0.12710397931979428
12,C1,C6,0.09475577555623749
12,C2,C6,-0.056874686924131376
12,C3,C6,0.18436199905117193
12,C4,C6,0.006560895859263812
12,C5,C6,0.07221949952937953
12,C6,C6,-0.007253314675729036
12,Enterobacteriaceae,C6,0.01136673316880733
12,Lactobacillaceae,C6,0.05888375981903495
12,Paenibacillaceae,C6,-0.011868600846068235
12,C1,Enterobacteriaceae,0.022869940341902775
12,C2,Enterobacteriaceae,-0.0014633582481572568
12,C3,Enterobacteriaceae,0.02608753342437393
12,C4,Enterobacteriaceae,0.014471061302979796
12,C5,Enterobacteriaceae,0.032776356918682865
12,C6,Enterobacteriaceae,6.137999608930784e-4
12,Enterobacteriaceae,Enterobacteriaceae,0.00159241251605293
12,Lactobacillaceae,Enterobacteriaceae,0.024819811625779013
12,Paenibacillaceae,Enterobacteriaceae,0.015800341176810298
12,C1,Lactobacillaceae,-0.15439124971907717
12,C2,Lactobacillaceae,0.06998401850846435
12,C3,Lactobacillaceae,-0.23941268009571431
12,C4,Lactobacillaceae,-0.04521108941268201
12,C5,Lactobacillaceae,-0.18283373109077122
12,C6,Lactobacillaceae,0.03167494142826874
12,Enterobacteriaceae,Lactobacillaceae,-0.024402553047905902
12,Lactobacillaceae,Lactobacillaceae,-0.11746856271290505
12,Paenibacillaceae,Lactobacillaceae,0.04418455438063105
12,C1,Paenibacillaceae,-0.22142969645809843
12,C2,Paenibacillaceae,0.06314185706755406
12,C3,Paenibacillaceae,-0.31054563397166424
12,C4,Paenibacillaceae,-0.0961936790026921
12,C5,Paenibacillaceae,-0.277442076964463
12,C6,Paenibacillaceae,0.019878634275100542
12,Enterobacteriaceae,Paenibacillaceae,-0.031045428029682163
12,Lactobacillaceae,Paenibacillaceae,-0.16752759379231694
12,Paenibacillaceae,Paenibacillaceae,-0.013467154540012976
13,C1,C1,-0.1039786105134182
13,C2,C1,0.09038188366643747
13,C3,C1,-0.23191987296537683
13,C4,C1,0.03959218981302999
13,C5,C1,-0.0368601449404235
13,C6,C1,0.022874103103472775
13,Enterobacteriaceae,C1,-0.01644446850612915
13,Lactobacillaceae,C1,-0.02734406583512178
13,Paenibacillaceae,C1,0.06847884129942286
13,C1,C2,-0.08802471518797828
13,C2,C2,0.0019994499362894335
13,C3,C2,-0.07440533720653966
13,C4,C2,-0.04203853982460117
13,C5,C2,-0.14207413723215342
13,C6,C2,0.01337523172736725
13,Enterobacteriaceae,C2,-0.007540185281146337
13,Lactobacillaceae,C2,-0.05981274530328063
13,Paenibacillaceae,C2,-0.012961844365135467
13,C1,C3,0.13306412394976475
13,C2,C3,0.03638862546647952
13,C3,C3,0.05139339377297252
13,C4,C3,0.09599822971954647
13,C5,C3,0.2643000996111276
13,C6,C3,-0.01681413834057297
13,Enterobacteriaceae,C3,0.004369510753739128
13,Lactobacillaceae,C3,0.14312482685582747
13,Paenibacillaceae,C3,0.10744004990371037
13,C1,C4,-0.028891101157418938
13,C2,C4,0.0067645910324802185
13,C3,C4,-0.013055326793562087
13,C4,C4,-0.0034051737918952825
13,C5,C4,-0.05191606328343203
13,C6,C4,0.016510636138362633
13,Enterobacteriaceae,C4,-0.004472436391386076
13,Lactobacillaceae,C4,0.05935045429423649
13,Paenibacillaceae,C4,0.06600968545853166
13,C1,C5,-0.11166146074887273
13,C2,C5,0.10473065762654087
13,C3,C5,-0.2308750148031859
13,C4,C5,0.07135324033992572
13,C5,C5,-0.04369106982357709
13,C6,C5,0.04621759121269971
13,Enterobacteriaceae,C5,-0.015602039126373465
13,Lactobacillaceae,C5,0.0699077665032123
13,Paenibacillaceae,C5,0.12549001861951442
13,C1,C6,0.10628491859750934
13,C2,C6,-0.046842930399500354
13,C3,C6,0.17963330934134875
13,C4,C6,0.009357944997729847
13,C5,C6,0.09296330012655518
13,C6,C6,-0.011772635392302023
13,Enterobacteriaceae,C6,0.010740477996144254
13,Lactobacillaceae,C6,0.08374210703279632
13,Paenibacillaceae,C6,0.009854926325501437
13,C1,Enterobacteriaceae,0.025265355099308405
13,C2,Enterobacteriaceae,-1.1069961432738298e-4
13,C3,Enterobacteriaceae,0.02616602109380084
13,C4,Enterobacteriaceae,0.014078568384313516
13,C5,Enterobacteriaceae,0.03602741829118734
13,C6,Enterobacteriaceae,-5.669789019850797e-4
13,Enterobacteriaceae,Enterobacteriaceae,0.0015215468227842875
13,Lactobacillaceae,Enterobacteriaceae,0.029381932074646004
13,Paenibacillaceae,Enterobacteriaceae,0.019176150153684308
13,C1,Lactobacillaceae,-0.15090651654284146
13,C2,Lactobacillaceae,0.06195899945912405
13,C3,Lactobacillaceae,-0.22552911423420038
13,C4,Lactobacillaceae,-0.043227495114203054
13,C5,Lactobacillaceae,-0.18133889180132776
13,C6,Lactobacillaceae,0.03113424866911949
13,Enterobacteriaceae,Lactobacillaceae,-0.022662988753486674
13,Lactobacillaceae,Lactobacillaceae,-0.12160707827607982
13,Paenibacillaceae,Lactobacillaceae,0.031547482041189505
13,C1,Paenibacillaceae,-0.22838046599306172
13,C2,Paenibacillaceae,0.051016735549471656
13,C3,Paenibacillaceae,-0.29893929273452485
13,C4,Paenibacillaceae,-0.09298499389490814
13,C5,Paenibacillaceae,-0.29014049039233486
13,C6,Paenibacillaceae,0.024587540397350352
13,Enterobacteriaceae,Paenibacillaceae,-0.028978266202457897
13,Lactobacillaceae,Paenibacillaceae,-0.1921010143754967
13,Paenibacillaceae,Paenibacillaceae,-0.038921914593770236
14,C1,C1,-0.10153863858136435
14,C2,C1,0.08369516377628561
14,C3,C1,-0.21543882506591597
14,C4,C1,0.03351706604388333
14,C5,C1,-0.03123183335773832
14,C6,C1,0.025267112510035532
14,Enterobacteriaceae,C1,-0.012742659367806988
14,Lactobacillaceae,C1,-0.02274487490075356
14,Paenibacillaceae,C1,0.05480667175769814
14,C1,C2,-0.08676531861507417
14,C2,C2,0.0016547765069543923
14,C3,C2,-0.06928192316739495
14,C4,C2,-0.042269627057085146
14,C5,C2,-0.12889292821543058
14,C6,C2,0.016477652390406734
14,Enterobacteriaceae,C2,-0.004472040192387798
14,Lactobacillaceae,C2,-0.052902040349506005
14,Paenibacillaceae,C2,-0.020819158347286402
14,C1,C3,0.13827320860452857
14,C2,C3,0.03434012497568622
14,C3,C3,0.04833282393671672
14,C4,C3,0.09856051634771182
14,C5,C3,0.23662475724299042
14,C6,C3,-0.027450958273234495
14,Enterobacteriaceae,C3,-0.0033105441333853617
14,Lactobacillaceae,C3,0.12520394971732493
14,Paenibacillaceae,C3,0.12533250690603862
14,C1,C4,-0.018973614399186333
14,C2,C4,0.006625678207210582
14,C3,C4,-0.01170885676961572
14,C4,C4,0.001879238947764368
14,C5,C4,-0.05266559890891904
14,C6,C4,0.009039613040630267
14,Enterobacteriaceae,C4,-0.008026440906155055
14,Lactobacillaceae,C4,0.051171995976851015
14,Paenibacillaceae,C4,0.07480868966673389
14,C1,C5,-0.09806460163777882
14,C2,C5,0.09735688480024694
14,C3,C5,-0.21410935541654902
14,C4,C5,0.06975919185594082
14,C5,C5,-0.04393397510026894
14,C6,C5,0.03843379245352525
14,Enterobacteriaceae,C5,-0.017286097075178707
14,Lactobacillaceae,C5,0.061858091248116205
14,Paenibacillaceae,C5,0.1261509755564465
14,C1,C6,0.11232711192275802
14,C2,C6,-0.04294789459666355
14,C3,C6,0.1672993297490435
14,C4,C6,0.01745596489931673
14,C5,C6,0.07824935581778193
14,C6,C6,-0.021894436875304308
14,Enterobacteriaceae,C6,0.0031440435405137375
14,Lactobacillaceae,C6,0.07064331679620184
14,Paenibacillaceae,C6,0.032875424862791394
14,C1,Enterobacteriaceae,0.02621232343584317
14,C2,Enterobacteriaceae,-2.0802413355163576e-5
14,C3,Enterobacteriaceae,0.024366419281228107
14,C4,Enterobacteriaceae,0.014828246452953556
14,C5,Enterobacteriaceae,0.03175735615737936
14,C6,Enterobacteriaceae,-0.0027407806958716827
14,Enterobacteriaceae,Enterobacteriaceae,1.771455750853805e-5
14,Lactobacillaceae,Enterobacteriaceae,0.02576743903075203
14,Paenibacillaceae,Enterobacteriaceae,0.02261008429091402
14,C1,Lactobacillaceae,-0.14590075175742842
14,C2,Lactobacillaceae,0.057192266068990937
14,C3,Lactobacillaceae,-0.2096824283539828
14,C4,Lactobacillaceae,-0.0438971908705208
14,C5,Lactobacillaceae,-0.16506394374617492
14,C6,Lactobacillaceae,0.033585534400362216
14,Enterobacteriaceae,Lactobacillaceae,-0.018173396850608887
14,Lactobacillaceae,Lactobacillaceae,-0.11008982034788424
14,Paenibacillaceae,Lactobacillaceae,0.019209451944555866
14,C1,Paenibacillaceae,-0.22801324627221714
14,C2,Paenibacillaceae,0.04677341992186057
14,C3,Paenibacillaceae,-0.27805923126315196
14,C4,Paenibacillaceae,-0.0965714275191464
14,C5,Paenibacillaceae,-0.25974688641931853
14,C6,Paenibacillaceae,0.03568902596158258
14,Enterobacteriaceae,Paenibacillaceae,-0.018857441954009593
14,Lactobacillaceae,Paenibacillaceae,-0.1698523609896968
14,Paenibacillaceae,Paenibacillaceae,-0.06400470329465423
15,C1,C1,-0.09618796359274276
15,C2,C1,0.07107613855411353
15,C3,C1,-0.19192922789156297
15,C4,C1,0.028501407656931026
15,C5,C1,-0.035063742097754945
15,C6,C1,0.029032377386107592
15,Enterobacteriaceae,C1,-0.010427232712674052
15,Lactobacillaceae,C1,-0.03471125241921163
15,Paenibacillaceae,C1,0.039046579662334824
15,C1,C2,-0.08314482473355828
15,C2,C2,-0.0011279814924824586
15,C3,C2,-0.06335975890114295
15,C4,C2,-0.03819809892981598
15,C5,C2,-0.12087467743619769
15,C6,C2,0.021256871302661143
15,Enterobacteriaceae,C2,-0.003168748637068117
15,Lactobacillaceae,C2,-0.06116437896378083
15,Paenibacillaceae,C2,-0.02739501801401064
15,C1,C3,0.1454790604227409
15,C2,C3,0.03855687592145189
15,C3,C3,0.05052598154116615
15,C4,C3,0.0898107143502596
15,C5,C3,0.23499477358417187
15,C6,C3,-0.04774295312988066
15,Enterobacteriaceae,C3,-0.005739089846462171
15,Lactobacillaceae,C3,0.1612771664113257
15,Paenibacillaceae,C3,0.1423952123455351
15,C1,C4,-0.0022869010234717537
15,C2,C4,0.010819293806221663
15,C3,C4,-0.005495295429916365
15,C4,C4,0.0034935278319652226
15,C5,C4,-0.03006614176076204
15,C6,C4,-0.006302838578850055
15,Enterobacteriaceae,C4,-0.008779598398266752
15,Lactobacillaceae,C4,0.07594027642373204
15,Paenibacillaceae,C4,0.08526200756562086
15,C1,C5,-0.07764602564049561
15,C2,C5,0.08835465625236454
15,C3,C5,-0.1856615780855582
15,C4,C5,0.06231964414890841
15,C5,C5,-0.028717649304306415
15,C6,C5,0.02530458381911068
15,Enterobacteriaceae,C5,-0.016288889630706276
15,Lactobacillaceae,C5,0.07297835389408233
15,Paenibacillaceae,C5,0.12276894660198683
15,C1,C6,0.11900802912607505
15,C2,C6,-0.03043404112910308
15,C3,C6,0.154133769594301
15,C4,C6,0.018154088442039185
15,C5,C6,0.09131773109951519
15,C6,C6,-0.03927075417422958
15,Enterobacteriaceae,C6,4.28243613795879e-4
15,Lactobacillaceae,C6,0.10544010734983636
15,Paenibacillaceae,C6,0.05599547483106418
15,C1,Enterobacteriaceae,0.026705057810444393
15,C2,Enterobacteriaceae,0.0012946269245413138
15,C3,Enterobacteriaceae,0.022683287242600426
15,C4,Enterobacteriaceae,0.013539924877521127
15,C5,Enterobacteriaceae,0.03201395864307298
15,C6,Enterobacteriaceae,-0.006022839973802544
15,Enterobacteriaceae,Enterobacteriaceae,-4.1021030711697404e-4
15,Lactobacillaceae,Enterobacteriaceae,0.03047533063541651
15,Paenibacillaceae,Enterobacteriaceae,0.02478751466477795
15,C1,Lactobacillaceae,-0.13617343415446378
15,C2,Lactobacillaceae,0.0469085923486979
15,C3,Lactobacillaceae,-0.1875049006679219
15,C4,Lactobacillaceae,-0.04003602266369239
15,C5,Lactobacillaceae,-0.15344381383032005
15,C6,Lactobacillaceae,0.03734502452318255
15,Enterobacteriaceae,Lactobacillaceae,-0.015190028825974897
15,Lactobacillaceae,Lactobacillaceae,-0.11355818817718623
15,Paenibacillaceae,Lactobacillaceae,0.00670262181180862
15,C1,Paenibacillaceae,-0.22311183256494457
15,C2,Paenibacillaceae,0.032900110907166866
15,C3,Paenibacillaceae,-0.25240920429044134
15,C4,Paenibacillaceae,-0.08810417744096424
15,C5,Paenibacillaceae,-0.25355391434872554
15,C6,Paenibacillaceae,0.0537208173113254
15,Enterobacteriaceae,Paenibacillaceae,-0.013989354719215363
15,Lactobacillaceae,Paenibacillaceae,-0.1976765610050036
15,Paenibacillaceae,Paenibacillaceae,-0.08648242091751457
