cluster,time,loess_value
1,1,-5.143078201052786
1,1.1,-5.137989780087063
1,1.2,-5.130598570071157
1,1.3,-5.1215731226648
1,1.4,-5.11158198952772
1,1.5,-5.101293722319651
1,1.6,-5.09137687270032
1,1.7000000000000002,-5.082499992329458
1,1.8,-5.075331632866797
1,1.9,-5.070540345972064
1,2,-5.06879468330499
1,2.1,-5.067397896093946
1,2.2,-5.063606616521111
1,2.3,-5.0580194676769334
1,2.4000000000000004,-5.051235072651862
1,2.5,-5.043852054536341
1,2.6,-5.0364690364208204
1,2.7,-5.029684641395749
1,2.8,-5.0240974925515705
1,2.9000000000000004,-5.020306212978737
1,3,-5.018909425767692
1,3.1,-4.994213796564206
1,3.2,-4.927182803011887
1,3.3000000000000003,-4.828400286197944
1,3.4000000000000004,-4.7084500872095845
1,3.5,-4.577916047134018
1,3.6,-4.447382007058449
1,3.7,-4.32743180807009
1,3.8000000000000003,-4.228649291256147
1,3.9000000000000004,-4.161618297703828
1,4,-4.136922668500342
1,4.1,-4.11136829740421
1,4.2,-4.042006433000423
1,4.300000000000001,-3.939788948615894
1,4.4,-3.815667717577539
1,4.5,-3.68059461321227
1,4.6,-3.545521508847001
1,4.7,-3.4214002778086448
1,4.800000000000001,-3.319182793424116
1,4.9,-3.2498209290203293
1,5,-3.2242665579241976
1,5.1000000000000005,-3.210685085028672
1,5.2,-3.173821087169389
1,5.3,-3.1194951955872874
1,5.4,-3.0535280415233066
1,5.5,-2.9817402562183863
1,5.6000000000000005,-2.909952470913466
1,5.7,-2.843985316849486
1,5.800000000000001,-2.7896594252673843
1,5.9,-2.7527954274081012
1,6,-2.7392139545125755
1,6.1000000000000005,-2.735153098692894
1,6.2,-2.7241307757537574
1,6.300000000000001,-2.70788735247503
1,6.4,-2.6881631956365766
1,6.5,-2.6666986720182586
1,6.6000000000000005,-2.6452341483999406
1,6.7,-2.625509991561487
1,6.800000000000001,-2.6092665682827594
1,6.9,-2.5982442453436234
1,7,-2.5941833895239417
1,7.1000000000000005,-2.5937269045446536
1,7.2,-2.5924878738865864
1,7.300000000000001,-2.590661933969434
1,7.4,-2.588444721212893
1,7.5,-2.5860318720366564
1,7.6000000000000005,-2.58361902286042
1,7.7,-2.5814018101038783
1,7.800000000000001,-2.5795758701867264
1,7.9,-2.5783368395286588
1,8,-2.577880354549371
1,8.100000000000001,-2.578034743665056
1,8.2,-2.5784537998361996
1,8.3,-2.579071356298938
1,8.4,-2.5798212462894066
1,8.5,-2.5806373030437397
1,8.600000000000001,-2.581453359798073
1,8.7,-2.5822032497885408
1,8.8,-2.5828208062512794
1,8.9,-2.583239862422424
1,9,-2.5833942515381083
1,9.1,-2.5803163353506466
1,9.200000000000001,-2.5719619914132505
1,9.3,-2.559650326663403
1,9.4,-2.544700448038589
1,9.5,-2.5284314624762914
1,9.6,-2.5121624769139936
1,9.700000000000001,-2.497212598289179
1,9.8,-2.4849009335393317
1,9.9,-2.4765465896019356
1,10,-2.473468673414474
1,10.1,-2.47257033327265
1,10.200000000000001,-2.470131981459127
1,10.3,-2.4665386208918303
1,10.4,-2.4621752544886846
1,10.5,-2.457426885167614
1,10.600000000000001,-2.452678515846544
1,10.700000000000001,-2.448315149443398
1,10.8,-2.4447217888761013
1,10.9,-2.4422834370625783
1,11,-2.4413850969207544
1,11.100000000000001,-2.439565862079049
1,11.200000000000001,-2.434627938937278
1,11.3,-2.4273509995704563
1,11.4,-2.4185147160536027
1,11.5,-2.4088987604617316
1,11.600000000000001,-2.399282804869861
1,11.700000000000001,-2.390446521353007
1,11.8,-2.3831695819861856
1,11.9,-2.3782316588444146
1,12,-2.376412424002709
1,12.100000000000001,-2.376615234628105
1,12.200000000000001,-2.3771718850680212
1,12.3,-2.3780047031680507
1,12.4,-2.3790360167737874
1,12.5,-2.3801881537308227
1,12.600000000000001,-2.3813834418847515
1,12.700000000000001,-2.382544209081166
1,12.8,-2.383592783165659
1,12.9,-2.3844514919838242
1,13,-2.3850426633812543
1,13.100000000000001,-2.385387749898452
1,13.200000000000001,-2.385565727863033
1,13.3,-2.3855852108012625
1,13.4,-2.3854548122394066
1,13.5,-2.3851831457037274
1,13.600000000000001,-2.384778824720491
1,13.700000000000001,-2.3842504628159618
1,13.8,-2.3836066735164043
1,13.9,-2.3828560703480832
1,14,-2.382007266837263
1,14.100000000000001,-2.381068876510208
1,14.200000000000001,-2.380049512893183
1,14.3,-2.378957789512454
1,14.4,-2.377802319894283
1,14.5,-2.376591717564937
1,14.600000000000001,-2.375334596050679
1,14.700000000000001,-2.3740395688777745
1,14.8,-2.372715249572488
1,14.9,-2.3713702516610837
1,15,-2.370013188669827
1,15.100000000000001,-2.368652674124982
1,15.200000000000001,-2.367297321552813
1,15.3,-2.3659557444795847
1,15.4,-2.3646365564315626
1,15.5,-2.36334837093501
1,15.600000000000001,-2.3620998015161927
1,15.700000000000001,-2.3608994617013743
1,15.8,-2.3597559650168205
1,15.9,-2.358677924988795
1,16,-2.357673955143563
1,16.1,-2.3567526690073883
1,16.200000000000003,-2.355922680106537
1,16.3,-2.3551926019672718
1,16.4,-2.3545710481158593
1,16.5,-2.3540666320785633
1,16.6,-2.3536879673816475
1,16.700000000000003,-2.3534436675513772
1,16.8,-2.353342346114017
1,16.9,-2.353392616595832
1,17,-2.3536030925230866
1,17.1,-2.3539390925731647
1,17.2,-2.3543543240760996
1,17.3,-2.3548399835371288
1,17.400000000000002,-2.3553872674614924
1,17.5,-2.3559873723544262
1,17.6,-2.356631494721169
1,17.7,-2.3573108310669606
1,17.8,-2.358016577897037
1,17.900000000000002,-2.358739931716637
1,18,-2.3594720890309993
1,18.1,-2.360204246345361
1,18.2,-2.3609276001649615
1,18.3,-2.361633346995038
1,18.400000000000002,-2.362312683340829
1,18.5,-2.3629568057075723
1,18.6,-2.363556910600506
1,18.7,-2.364104194524869
1,18.8,-2.364589853985899
1,18.900000000000002,-2.365005085488834
1,19,-2.365341085538912
2,1,-5.40867007443703
2,1.1,-5.406675789014297
2,1.2,-5.403778980261572
2,1.3,-5.400241671081107
2,1.4,-5.3963258843751625
2,1.5,-5.392293643045993
2,1.6,-5.388406969995855
2,1.7000000000000002,-5.384927888127005
2,1.8,-5.382118420341699
2,1.9,-5.380240589542194
2,2,-5.379556418630747
2,2.1,-5.37547258692896
2,2.2,-5.364387900881249
2,2.3,-5.348052574074099
2,2.4000000000000004,-5.328216820093989
2,2.5,-5.306630852527396
2,2.6,-5.285044884960804
2,2.7,-5.265209130980693
2,2.8,-5.2488738041735425
2,2.9000000000000004,-5.237789118125834
2,3,-5.233705286424046
2,3.1,-5.189078828334601
2,3.2,-5.06794987066325
2,3.3000000000000003,-4.889444038305471
2,3.4000000000000004,-4.67268695615674
2,3.5,-4.436804249112533
2,3.6,-4.200921542068324
2,3.7,-3.984164459919593
2,3.8000000000000003,-3.805658627561814
2,3.9000000000000004,-3.6845296698904635
2,4,-3.6399032118010193
2,4.1,-3.6287037469379064
2,4.2,-3.598305199452315
2,4.300000000000001,-3.5535073399998636
2,4.4,-3.499109939236174
2,4.5,-3.439912767816864
2,4.6,-3.380715596397554
2,4.7,-3.3263181956338634
2,4.800000000000001,-3.2815203361814125
2,4.9,-3.2511217886958215
2,5,-3.2399223238327086
2,5.1000000000000005,-3.246639388806369
2,5.2,-3.2648714223063044
2,5.3,-3.2917396822009466
2,5.4,-3.3243654263587263
2,5.5,-3.359869912648074
2,5.6000000000000005,-3.395374398937423
2,5.7,-3.4280001430952023
2,5.800000000000001,-3.4548684029898444
2,5.9,-3.4731004364897795
2,6,-3.4798175014634403
2,6.1000000000000005,-3.482412268842868
2,6.2,-3.489455208872742
2,6.300000000000001,-3.499834278390452
2,6.4,-3.5124374342333864
2,6.5,-3.5261526332389312
2,6.6000000000000005,-3.539867832244477
2,6.7,-3.55247098808741
2,6.800000000000001,-3.56285005760512
2,6.9,-3.5698929976349945
2,7,-3.572487765014422
2,7.1000000000000005,-3.5754245020078903
2,7.2,-3.5833956452758744
2,7.300000000000001,-3.5951425932497463
2,7.4,-3.609406744360877
2,7.5,-3.624929497040636
2,7.6000000000000005,-3.6404522497203953
2,7.7,-3.654716400831526
2,7.800000000000001,-3.6664633488053973
2,7.9,-3.674434492073382
2,8,-3.67737122906685
2,8.100000000000001,-3.6841654837280116
2,8.2,-3.7026070320940216
2,8.3,-3.729784050738669
2,8.4,-3.76278471623574
2,8.5,-3.798697205159023
2,8.600000000000001,-3.8346096940823062
2,8.7,-3.8676103595793765
2,8.8,-3.8947873782240237
2,8.9,-3.9132289265900337
2,9,-3.9200231812511954
2,9.1,-3.922134149545101
2,9.200000000000001,-3.927863920628561
2,9.3,-3.9363077938041844
2,9.4,-3.9465610683745846
2,9.5,-3.9577190436423733
2,9.6,-3.968877018910162
2,9.700000000000001,-3.9791302934805626
2,9.8,-3.987574166656186
2,9.9,-3.9933039377396455
2,10,-3.995414906033551
2,10.1,-3.9980298900126057
2,10.200000000000001,-4.005127703670039
2,10.3,-4.015587639586256
2,10.4,-4.028288990341663
2,10.5,-4.042111048516665
2,10.600000000000001,-4.055933106691667
2,10.700000000000001,-4.068634457447073
2,10.8,-4.079094393363291
2,10.9,-4.086192207020725
2,11,-4.088807190999779
2,11.100000000000001,-4.084792585716365
2,11.200000000000001,-4.073895799947101
2,11.3,-4.057837378813447
2,11.4,-4.03833786743687
2,11.5,-4.017117810938829
2,11.600000000000001,-3.9958977544407874
2,11.700000000000001,-3.9763982430642093
2,11.8,-3.9603398219305563
2,11.9,-3.949443036161292
2,12,-3.945428430877879
2,12.100000000000001,-3.9475518285522693
2,12.200000000000001,-3.9533798774883615
2,12.3,-3.9620993615555387
2,12.4,-3.9728970646231834
2,12.5,-3.984959770560678
2,12.600000000000001,-3.9974742632374047
2,12.700000000000001,-4.009627326522748
2,12.8,-4.020605744286088
2,12.9,-4.029596300396807
2,13,-4.03578577872429
2,13.100000000000001,-4.04061082298987
2,13.200000000000001,-4.046023234433408
2,13.3,-4.05198253320208
2,13.4,-4.058448239443065
2,13.5,-4.0653798733035345
2,13.600000000000001,-4.072736954930668
2,13.700000000000001,-4.08047900447164
2,13.8,-4.088565542073626
2,13.9,-4.096956087883804
2,14,-4.105610162049349
2,14.100000000000001,-4.114487284717435
2,14.200000000000001,-4.123546976035242
2,14.3,-4.132748756149944
2,14.4,-4.142052145208715
2,14.5,-4.1514166633587335
2,14.600000000000001,-4.160801830747176
2,14.700000000000001,-4.170167167521216
2,14.8,-4.1794721938280315
2,14.9,-4.188676429814797
2,15,-4.197739395628691
2,15.100000000000001,-4.206620611416888
2,15.200000000000001,-4.215279597326562
2,15.3,-4.2236758735048925
2,15.4,-4.2317689600990525
2,15.5,-4.239518377256221
2,15.600000000000001,-4.246883645123573
2,15.700000000000001,-4.2538242838482825
2,15.8,-4.260299813577527
2,15.9,-4.266269754458483
2,16,-4.271693626638326
2,16.1,-4.276530950264232
2,16.200000000000003,-4.280741245483377
2,16.3,-4.284284032442937
2,16.4,-4.287118831290088
2,16.5,-4.2892051621720055
2,16.6,-4.290502545235866
2,16.700000000000003,-4.2909705006288466
2,16.8,-4.290568548498122
2,16.9,-4.289256208990868
2,17,-4.2869930022542615
2,17.1,-4.283841809241548
2,17.2,-4.279947540147235
2,17.3,-4.27539275898039
2,17.400000000000002,-4.2702600297500775
2,17.5,-4.264631916465365
2,17.6,-4.25859098313532
2,17.7,-4.252219793769008
2,17.8,-4.245600912375496
2,17.900000000000002,-4.238816902963851
2,18,-4.23195032954314
2,18.1,-4.225083756122427
2,18.2,-4.218299746710783
2,18.3,-4.211680865317271
2,18.400000000000002,-4.205309675950959
2,18.5,-4.199268742620914
2,18.6,-4.193640629336202
2,18.7,-4.188507900105889
2,18.8,-4.183953118939043
2,18.900000000000002,-4.18005884984473
2,19,-4.176907656832018
3,1,-5.659659274256818
3,1.1,-5.628240473663642
3,1.2,-5.582602945794723
3,1.3,-5.526874708246245
3,1.4,-5.465183778614389
3,1.5,-5.401658174495341
3,1.6,-5.340425913485283
3,1.7000000000000002,-5.2856150131804
3,1.8,-5.241353491176875
3,1.9,-5.211769365070892
3,2,-5.200990652458635
3,2.1,-5.205022975227884
3,2.2,-5.2159678513158445
3,2.3,-5.232097142392842
3,2.4000000000000004,-5.251682710129193
3,2.5,-5.272996416195223
3,2.6,-5.294310122261254
3,2.7,-5.313895689997606
3,2.8,-5.330024981074602
3,2.9000000000000004,-5.3409698571625635
3,3,-5.345002179931813
3,3.1,-5.3536588818860515
3,3.2,-5.3771556443332695
3,3.3000000000000003,-5.4117824521502245
3,3.4000000000000004,-5.453829290213671
3,3.5,-5.499586143400359
3,3.6,-5.545342996587049
3,3.7,-5.587389834650494
3,3.8000000000000003,-5.622016642467449
3,3.9000000000000004,-5.645513404914668
3,4,-5.654170106868906
3,4.1,-5.596491503029513
3,4.2,-5.439935292608297
3,4.300000000000001,-5.2092208772507185
3,4.4,-4.929067658602232
3,4.5,-4.624195038308291
3,4.6,-4.31932241801435
3,4.7,-4.039169199365861
3,4.800000000000001,-3.808454784008282
3,4.9,-3.651898573587069
3,5,-3.5942199697476753
3,5.1000000000000005,-3.6019973561275287
3,5.2,-3.6231074048728447
3,5.3,-3.654216950392258
3,5.4,-3.6919928270944027
3,5.5,-3.7331018693879123
3,5.6000000000000005,-3.774210911681423
3,5.7,-3.811986788383567
3,5.800000000000001,-3.8430963339029796
3,5.9,-3.864206382648296
3,6,-3.871983769028149
3,6.1000000000000005,-3.8731417106202772
3,6.2,-3.8762846949417673
3,6.300000000000001,-3.8809164613102793
3,6.4,-3.8865407490434736
3,6.5,-3.8926612974590076
3,6.6000000000000005,-3.898781845874542
3,6.7,-3.9044061336077354
3,6.800000000000001,-3.909037899976248
3,6.9,-3.912180884297738
3,7,-3.9133388258898663
3,7.1000000000000005,-3.9167425233601976
3,7.2,-3.9259811307796686
3,7.300000000000001,-3.9395959206609943
3,7.4,-3.9561281655168905
3,7.5,-3.974119137860071
3,7.6000000000000005,-3.992110110203252
3,7.7,-4.0086423550591475
3,7.800000000000001,-4.022257144940474
3,7.9,-4.031495752359944
3,8,-4.0348994498302755
3,8.100000000000001,-4.039364986915497
3,8.2,-4.0514857304325265
3,8.3,-4.069347878773412
3,8.4,-4.091037630330202
3,8.5,-4.114641183494943
3,8.600000000000001,-4.138244736659685
3,8.7,-4.159934488216474
3,8.8,-4.1777966365573596
3,8.9,-4.189917380074389
3,9,-4.1943829171596105
3,9.1,-4.2070966862690184
3,9.200000000000001,-4.2416054881374095
3,9.3,-4.2924605645750376
3,9.4,-4.354213157392159
3,9.5,-4.421414508399025
3,9.6,-4.488615859405892
3,9.700000000000001,-4.5503684522230134
3,9.8,-4.6012235286606415
3,9.9,-4.635732330529032
3,10,-4.64844609963844
3,10.1,-4.651604707057417
3,10.200000000000001,-4.660178070051787
3,10.3,-4.672812499727698
3,10.4,-4.688154307191304
3,10.5,-4.704849803548759
3,10.600000000000001,-4.721545299906214
3,10.700000000000001,-4.736887107369822
3,10.8,-4.749521537045733
3,10.9,-4.758094900040102
3,11,-4.761253507459079
3,11.100000000000001,-4.750844326855612
3,11.200000000000001,-4.722590836646203
3,11.3,-4.680954114232337
3,11.4,-4.6303952370155
3,11.5,-4.575375282397177
3,11.600000000000001,-4.520355327778853
3,11.700000000000001,-4.469796450562016
3,11.8,-4.42815972814815
3,11.9,-4.399906237938741
3,12,-4.389497057335275
3,12.100000000000001,-4.392830382619545
3,12.200000000000001,-4.401979296697648
3,12.3,-4.415667206907521
3,12.4,-4.432617520587107
3,12.5,-4.451553645074342
3,12.600000000000001,-4.471198987707167
3,12.700000000000001,-4.4902769558235205
3,12.8,-4.50751095676134
3,12.9,-4.521624397858568
3,13,-4.5313406864531425
3,13.100000000000001,-4.538660185915042
3,13.200000000000001,-4.546408018648515
3,13.3,-4.554544730542901
3,13.4,-4.56303086748754
3,13.5,-4.5718269753717715
3,13.600000000000001,-4.580893600084938
3,13.700000000000001,-4.590191287516378
3,13.8,-4.599680583555432
3,13.9,-4.60932203409144
3,14,-4.619076185013742
3,14.100000000000001,-4.628903582211678
3,14.200000000000001,-4.638764771574589
3,14.3,-4.648620298991816
3,14.4,-4.658430710352697
3,14.5,-4.6681565515465735
3,14.600000000000001,-4.6777583684627855
3,14.700000000000001,-4.6871967069906715
3,14.8,-4.696432113019574
3,14.9,-4.705425132438832
3,15,-4.714136311137787
3,15.100000000000001,-4.722526195005779
3,15.200000000000001,-4.7305553299321454
3,15.3,-4.738184261806229
3,15.4,-4.745373536517369
3,15.5,-4.752083699954906
3,15.600000000000001,-4.758275298008181
3,15.700000000000001,-4.763908876566531
3,15.8,-4.7689449815193
3,15.9,-4.773344158755827
3,16,-4.777066954165451
3,16.1,-4.780073913637512
3,16.200000000000003,-4.782325583061352
3,16.3,-4.78378250832631
3,16.4,-4.784405235321728
3,16.5,-4.784154309936942
3,16.6,-4.782990278061296
3,16.700000000000003,-4.780873685584128
3,16.8,-4.777765078394781
3,16.9,-4.773625002382592
3,17,-4.768414003436902
3,17.1,-4.761819247945756
3,17.2,-4.753669397273292
3,17.3,-4.744137239772991
3,17.400000000000002,-4.733395563798329
3,17.5,-4.721617157702789
3,17.6,-4.70897480983985
3,17.7,-4.695641308562992
3,17.8,-4.681789442225694
3,17.900000000000002,-4.667591999181437
3,18,-4.653221767783699
3,18.1,-4.638851536385961
3,18.2,-4.624654093341705
3,18.3,-4.610802227004406
3,18.400000000000002,-4.5974687257275475
3,18.5,-4.584826377864609
3,18.6,-4.573047971769068
3,18.7,-4.562306295794406
3,18.8,-4.5527741382941045
3,18.900000000000002,-4.54462428762164
3,19,-4.538029532130494
4,1,-5.873483107533492
4,1.1,-5.844468095535248
4,1.2,-5.802322202194735
4,1.3,-5.750857618869384
4,1.4,-5.693886536916629
4,1.5,-5.635221147693905
4,1.6,-5.578673642558643
4,1.7000000000000002,-5.528056212868279
4,1.8,-5.487181049980243
4,1.9,-5.45986034525197
4,2,-5.449906290040894
4,2.1,-5.472378742833792
4,2.2,-5.533375400414513
4,2.3,-5.623265211586102
4,2.4000000000000004,-5.7324171251516045
4,2.5,-5.851200089914061
4,2.6,-5.9699830546765185
4,2.7,-6.07913496824202
4,2.8,-6.1690247794136095
4,2.9000000000000004,-6.230021436994331
4,3,-6.252493889787228
4,3.1,-6.2425499748007764
4,3.2,-6.215559348408981
4,3.3000000000000003,-6.175783688463175
4,3.4000000000000004,-6.127484672814698
4,3.5,-6.074923979314884
4,3.6,-6.02236328581507
4,3.7,-5.974064270166593
4,3.8000000000000003,-5.934288610220789
4,3.9000000000000004,-5.907297983828991
4,4,-5.8973540688425405
4,4.1,-5.894827218653177
4,4.2,-5.887968625282048
4,4.300000000000001,-5.877861224524595
4,4.4,-5.865587952176259
4,4.5,-5.852231744032482
4,4.6,-5.838875535888704
4,4.7,-5.826602263540368
4,4.800000000000001,-5.816494862782914
4,4.9,-5.809636269411786
4,5,-5.807109419222422
4,5.1000000000000005,-5.764856027215586
4,5.2,-5.650168248911319
4,5.3,-5.4811546808839795
4,5.4,-5.275923919707921
4,5.5,-5.052584561957506
4,5.6000000000000005,-4.829245204207091
4,5.7,-4.624014443031034
4,5.800000000000001,-4.455000875003692
4,5.9,-4.3403130966994254
4,6,-4.298059704692591
4,6.1000000000000005,-4.28981349767163
4,6.2,-4.267430935757592
4,6.300000000000001,-4.234446107673747
4,6.4,-4.1943931021433665
4,6.5,-4.150806007889715
4,6.6000000000000005,-4.107218913636064
4,6.7,-4.067165908105682
4,6.800000000000001,-4.034181080021837
4,6.9,-4.011798518107801
4,7,-4.00355231108684
4,7.1000000000000005,-4.0054903544697265
4,7.2,-4.01075075793756
4,7.300000000000001,-4.018502931469103
4,7.4,-4.027916285043123
4,7.5,-4.038160228638377
4,7.6000000000000005,-4.048404172233633
4,7.7,-4.057817525807652
4,7.800000000000001,-4.065569699339195
4,7.9,-4.0708301028070295
4,8,-4.072768146189915
4,8.100000000000001,-4.074507834307609
4,8.2,-4.07922984491278
4,8.3,-4.086188597383558
4,8.4,-4.094638511098074
4,8.5,-4.103834005434459
4,8.600000000000001,-4.113029499770843
4,8.7,-4.121479413485359
4,8.8,-4.128438165956137
4,8.9,-4.133160176561307
4,9,-4.134899864679002
4,9.1,-4.149437579987737
4,9.200000000000001,-4.188897092968588
4,9.3,-4.247047954203527
4,9.4,-4.317659714274524
4,9.5,-4.394501923763549
4,9.6,-4.471344133252575
4,9.700000000000001,-4.541955893323573
4,9.8,-4.600106754558512
4,9.9,-4.6395662675393625
4,10,-4.654103982848097
4,10.1,-4.648812862624075
4,10.200000000000001,-4.634451250587443
4,10.3,-4.613286769691353
4,10.4,-4.587587042888959
4,10.5,-4.559619693133412
4,10.600000000000001,-4.531652343377864
4,10.700000000000001,-4.50595261657547
4,10.8,-4.48478813567938
4,10.9,-4.4704265236427485
4,11,-4.465135403418726
4,11.100000000000001,-4.465502657423677
4,11.200000000000001,-4.466499489722831
4,11.3,-4.467968505742635
4,11.4,-4.469752310909541
4,11.5,-4.471693510649997
4,11.600000000000001,-4.473634710390454
4,11.700000000000001,-4.47541851555736
4,11.8,-4.476887531577165
4,11.9,-4.477884363876318
4,12,-4.478251617881269
4,12.100000000000001,-4.492377437877072
4,12.200000000000001,-4.531148305525127
4,12.3,-4.589154332316402
4,12.4,-4.660985629741868
4,12.5,-4.741232309292491
4,12.600000000000001,-4.824484482459244
4,12.700000000000001,-4.905332260733095
4,12.8,-4.97836575560501
4,12.9,-5.0381750785659625
4,13,-5.079350341106919
4,13.100000000000001,-5.1076155053272405
4,13.200000000000001,-5.132393562575538
4,13.3,-5.153823168216653
4,13.4,-5.172042977615436
4,13.5,-5.187191646136728
4,13.600000000000001,-5.199407829145376
4,13.700000000000001,-5.208830182006228
4,13.8,-5.215597360084123
4,13.9,-5.219848018743915
4,14,-5.221720813350441
4,14.100000000000001,-5.2213543992685505
4,14.200000000000001,-5.21888743186309
4,14.3,-5.214458566498903
4,14.4,-5.208206458540835
4,14.5,-5.200269763353733
4,14.600000000000001,-5.190787136302439
4,14.700000000000001,-5.1798972327518005
4,14.8,-5.167738708066663
4,14.9,-5.154450217611872
4,15,-5.140170416752273
4,15.100000000000001,-5.125037960852711
4,15.200000000000001,-5.10919150527803
4,15.3,-5.092769705393078
4,15.4,-5.075911216562698
4,15.5,-5.0587546941517365
4,15.600000000000001,-5.04143879352504
4,15.700000000000001,-5.024102170047451
4,15.8,-5.006883479083818
4,15.9,-4.989921375998983
4,16,-4.973354516157796
4,16.1,-4.957321554925098
4,16.200000000000003,-4.941961147665735
4,16.3,-4.927411949744555
4,16.4,-4.9138126165264024
4,16.5,-4.901301803376122
4,16.6,-4.8900181656585575
4,16.700000000000003,-4.880100358738558
4,16.8,-4.871687037980966
4,16.9,-4.864916858750628
4,17,-4.859928476412388
4,17.1,-4.855289777486747
4,17.2,-4.84955723689305
4,17.3,-4.842852392594415
4,17.400000000000002,-4.835296782553961
4,17.5,-4.827011944734803
4,17.6,-4.818119417100058
4,17.7,-4.808740737612845
4,17.8,-4.79899744423628
4,17.900000000000002,-4.789011074933479
4,18,-4.778903167667563
4,18.1,-4.768795260401645
4,18.2,-4.758808891098846
4,18.3,-4.749065597722281
4,18.400000000000002,-4.739686918235067
4,18.5,-4.730794390600323
4,18.6,-4.722509552781165
4,18.7,-4.714953942740711
4,18.8,-4.708249098442076
4,18.900000000000002,-4.70251655784838
4,19,-4.697877858922738
5,1,-4.876240636220426
5,1.1,-4.889125381162971
5,1.2,-4.907841178561268
5,1.3,-4.930695142218485
5,1.4,-4.955994385937791
5,1.5,-4.982046023522354
5,1.6,-5.007157168775346
5,1.7000000000000002,-5.029634935499934
5,1.8,-5.047786437499287
5,1.9,-5.059918788576575
5,2,-5.064339102534967
5,2.1,-5.056979625302181
5,2.2,-5.037003901384618
5,2.3,-5.007565992453474
5,2.4000000000000004,-4.971819960179939
5,2.5,-4.932919866235212
5,2.6,-4.894019772290484
5,2.7,-4.858273740016951
5,2.8,-4.828835831085806
5,2.9000000000000004,-4.808860107168243
5,3,-4.8015006299354575
5,3.1,-4.801228035235953
5,3.2,-4.800488135337297
5,3.3000000000000003,-4.799397756539277
5,3.4000000000000004,-4.798073725141683
5,3.5,-4.7966328674443
5,3.6,-4.795192009746918
5,3.7,-4.793867978349324
5,3.8000000000000003,-4.792777599551305
5,3.9000000000000004,-4.792037699652649
5,4,-4.791765104953144
5,4.1,-4.775087966524737
5,4.2,-4.729821447933345
5,4.300000000000001,-4.663112894219715
5,4.4,-4.582109650424594
5,4.5,-4.493959061588727
5,4.6,-4.4058084727528595
5,4.7,-4.324805228957738
5,4.800000000000001,-4.258096675244108
5,4.9,-4.212830156652717
5,5,-4.19615301822431
5,5.1000000000000005,-4.193145272649243
5,5.2,-4.184981391802632
5,5.3,-4.172950409502363
5,5.4,-4.158341359566323
5,5.5,-4.142443275812396
5,5.6000000000000005,-4.12654519205847
5,5.7,-4.111936142122429
5,5.800000000000001,-4.0999051598221605
5,5.9,-4.09174127897555
5,6,-4.088733533400482
5,6.1000000000000005,-4.0886048603047875
5,6.2,-4.08825560475933
5,6.300000000000001,-4.0877409123765505
5,6.4,-4.087115928768891
5,6.5,-4.08643579954879
5,6.6000000000000005,-4.085755670328689
5,6.7,-4.085130686721028
5,6.800000000000001,-4.084615994338249
5,6.9,-4.084266738792792
5,7,-4.084138065697097
5,7.1000000000000005,-4.086785590521191
5,7.2,-4.093971729329447
5,7.300000000000001,-4.104561828625824
5,7.4,-4.117421234914282
5,7.5,-4.1314152946987805
5,7.6000000000000005,-4.145409354483279
5,7.7,-4.158268760771737
5,7.800000000000001,-4.168858860068114
5,7.9,-4.17604499887637
5,8,-4.178692523700464
5,8.100000000000001,-4.188484890530168
5,8.2,-4.2150641719250785
5,8.3,-4.254233639243894
5,8.4,-4.301796563845314
5,8.5,-4.353556217088035
5,8.600000000000001,-4.405315870330757
5,8.7,-4.452878794932174
5,8.8,-4.492048262250991
5,8.9,-4.518627543645902
5,9,-4.5284199104756055
5,9.1,-4.530742589780683
5,9.200000000000001,-4.537047005037319
5,9.3,-4.546337722257626
5,9.4,-4.557619307453714
5,9.5,-4.569896326637691
5,9.6,-4.582173345821668
5,9.700000000000001,-4.593454931017756
5,9.8,-4.602745648238063
5,9.9,-4.6090500634947
5,10,-4.611372742799777
5,10.1,-4.654093518326641
5,10.200000000000001,-4.7700499090424175
5,10.3,-4.940933011149873
5,10.4,-5.148433920851786
5,10.5,-5.374243734350925
5,10.600000000000001,-5.6000535478500675
5,10.700000000000001,-5.807554457551979
5,10.8,-5.978437559659435
5,10.9,-6.094393950375209
5,11,-6.137114725902073
5,11.100000000000001,-6.094635689021407
5,11.200000000000001,-5.979335446059601
5,11.3,-5.809419298536939
5,11.4,-5.603092547973709
5,11.5,-5.378560495890193
5,11.600000000000001,-5.1540284438066735
5,11.700000000000001,-4.9477016932434434
5,11.8,-4.777785545720783
5,11.9,-4.662485302758979
5,12,-4.620006265878313
5,12.100000000000001,-4.624557047287392
5,12.200000000000001,-4.637047489878271
5,12.3,-4.655734741196405
5,12.4,-4.678875948787257
5,12.5,-4.7047282601962825
5,12.600000000000001,-4.731548822968942
5,12.700000000000001,-4.757594784650696
5,12.8,-4.781123292786999
5,12.9,-4.800391494923312
5,13,-4.8136565386050965
5,13.100000000000001,-4.823178196740684
5,13.200000000000001,-4.832376295983013
5,13.3,-4.841248064494452
5,13.4,-4.849790730437369
5,13.5,-4.858001521974128
5,13.600000000000001,-4.865877667267096
5,13.700000000000001,-4.8734163944786415
5,13.8,-4.880614931771131
5,13.9,-4.88747050730693
5,14,-4.893980349248407
5,14.100000000000001,-4.900141685757927
5,14.200000000000001,-4.905951744997858
5,14.3,-4.9114077551305675
5,14.4,-4.91650694431842
5,14.5,-4.921246540723785
5,14.600000000000001,-4.925623772509027
5,14.700000000000001,-4.929635867836514
5,14.8,-4.933280054868612
5,14.9,-4.936553561767688
5,15,-4.93945361669611
5,15.100000000000001,-4.941977447816244
5,15.200000000000001,-4.944122283290456
5,15.3,-4.945885351281114
5,15.4,-4.947263879950584
5,15.5,-4.948255097461233
5,15.600000000000001,-4.948856231975429
5,15.700000000000001,-4.949064511655537
5,15.8,-4.948877164663926
5,15.9,-4.948291419162959
5,16,-4.947304503315006
5,16.1,-4.945913645282432
5,16.200000000000003,-4.944116073227605
5,16.3,-4.941909015312892
5,16.4,-4.93928969970066
5,16.5,-4.936255354553274
5,16.6,-4.932803208033103
5,16.700000000000003,-4.928930488302512
5,16.8,-4.924634423523868
5,16.9,-4.919912241859539
5,17,-4.91476117147189
5,17.1,-4.908616599165903
5,17.2,-4.901023088412216
5,17.3,-4.892141632371683
5,17.400000000000002,-4.882133224205162
5,17.5,-4.871158857073507
5,17.6,-4.859379524137573
5,17.7,-4.846956218558217
5,17.8,-4.8340499334962965
5,17.900000000000002,-4.820821662112662
5,18,-4.807432397568173
5,18.1,-4.794043133023684
5,18.2,-4.780814861640052
5,18.3,-4.7679085765781295
5,18.400000000000002,-4.755485270998774
5,18.5,-4.743705938062841
5,18.6,-4.732731570931186
5,18.7,-4.722723162764664
5,18.8,-4.713841706724131
5,18.900000000000002,-4.706248195970444
5,19,-4.7001036236644564
6,1,-3.8914316026185514
6,1.1,-3.8941615854822675
6,1.2,-3.898127035043432
6,1.3,-3.9029692674221392
6,1.4,-3.9083295987384865
6,1.5,-3.9138493451125687
6,1.6,-3.919169822664482
6,1.7000000000000002,-3.9239323475143224
6,1.8,-3.927778235782185
6,1.9,-3.930348803588165
6,2,-3.931285367052359
6,2.1,-3.9318174717652314
6,2.2,-3.9332617559858845
6,2.3,-3.935390174837374
6,2.4000000000000004,-3.9379746834427536
6,2.5,-3.940787236925078
6,2.6,-3.9435997904074025
6,2.7,-3.9461842990127827
6,2.8,-3.948312717864271
6,2.9000000000000004,-3.949757002084925
6,3,-3.950289106797797
6,3.1,-3.9484637102243894
6,3.2,-3.9435090623822826
6,3.3000000000000003,-3.9362074760886516
6,3.4000000000000004,-3.927341264160672
6,3.5,-3.917692739415517
6,3.6,-3.908044214670362
6,3.7,-3.8991780027423815
6,3.8000000000000003,-3.8918764164487514
6,3.9000000000000004,-3.886921768606644
6,4,-3.8850963720332365
6,4.1,-3.890822173971043
6,4.2,-3.9063636363736594
6,4.300000000000001,-3.9292668441248844
6,4.4,-3.957077882108515
6,4.5,-3.9873428352083478
6,4.6,-4.01760778830818
6,4.7,-4.045418826291811
6,4.800000000000001,-4.068322034043035
6,4.9,-4.083863496445653
6,5,-4.0895892983834585
6,5.1000000000000005,-4.095263978368437
6,5.2,-4.110666681184807
6,5.3,-4.133365401124723
6,5.4,-4.1609281324803336
6,5.5,-4.190922869543792
6,5.6000000000000005,-4.220917606607252
6,5.7,-4.248480337962863
6,5.800000000000001,-4.271179057902777
6,5.9,-4.286581760719148
6,6,-4.292256440704127
6,6.1000000000000005,-4.294546779160296
6,6.2,-4.300763412112752
6,6.300000000000001,-4.309924765937425
6,6.4,-4.321049267010244
6,6.5,-4.333155341707133
6,6.6000000000000005,-4.345261416404025
6,6.7,-4.3563859174768425
6,6.800000000000001,-4.365547271301516
6,6.9,-4.371763904253973
6,7,-4.374054242710141
6,7.1000000000000005,-4.376107386628273
6,7.2,-4.381680205834628
6,7.300000000000001,-4.389892781507152
6,7.4,-4.399865194823788
6,7.5,-4.410717526962481
6,7.6000000000000005,-4.421569859101174
6,7.7,-4.4315422724178095
6,7.800000000000001,-4.439754848090334
6,7.9,-4.44532766729669
6,8,-4.4473808112148205
6,8.100000000000001,-4.459749084094877
6,8.2,-4.493320110483602
6,8.3,-4.5427932020038275
6,8.4,-4.602867670278388
6,8.5,-4.668242826930115
6,8.600000000000001,-4.733617983581842
6,8.7,-4.793692451856401
6,8.8,-4.843165543376628
6,8.9,-4.876736569765352
6,9,-4.889104842645409
6,9.1,-4.896806060291948
6,9.200000000000001,-4.917709365332556
6,9.3,-4.948514235918712
6,9.4,-4.985920150201904
6,9.5,-5.026626586333611
6,9.6,-5.067333022465319
6,9.700000000000001,-5.104738936748511
6,9.8,-5.135543807334668
6,9.9,-5.156447112375274
6,10,-5.164148330021813
6,10.1,-5.165512796919438
6,10.200000000000001,-5.169216349927275
6,10.3,-5.1746742175177705
6,10.4,-5.181301628163375
6,10.5,-5.188513810336531
6,10.600000000000001,-5.195725992509688
6,10.700000000000001,-5.202353403155291
6,10.8,-5.207811270745787
6,10.9,-5.211514823753625
6,11,-5.212879290651249
6,11.100000000000001,-5.2118120212845005
6,11.200000000000001,-5.208915147289042
6,11.3,-5.204646069822049
6,11.4,-5.199462190040702
6,11.5,-5.193820909102177
6,11.600000000000001,-5.188179628163651
6,11.700000000000001,-5.182995748382304
6,11.8,-5.178726670915312
6,11.9,-5.175829796919852
6,12,-5.174762527553105
6,12.100000000000001,-5.177932203530435
6,12.200000000000001,-5.18663195248949
6,12.3,-5.199647855970866
6,12.4,-5.215765995515163
6,12.5,-5.233772452662974
6,12.600000000000001,-5.252453308954898
6,12.700000000000001,-5.2705946459315305
6,12.8,-5.28698254513347
6,12.9,-5.300403088101313
6,13,-5.309642356375656
6,13.100000000000001,-5.316143674499738
6,13.200000000000001,-5.322167630700077
6,13.3,-5.327726202042198
6,13.4,-5.332831365591624
6,13.5,-5.337495098413876
6,13.600000000000001,-5.341729377574478
6,13.700000000000001,-5.3455461801389506
6,13.8,-5.348957483172818
6,13.9,-5.3519752637416
6,14,-5.354611498910822
6,14.100000000000001,-5.3568781657460045
6,14.200000000000001,-5.3587872413126725
6,14.3,-5.360350702676347
6,14.4,-5.361580526902549
6,14.5,-5.362488691056805
6,14.600000000000001,-5.363087172204633
6,14.700000000000001,-5.3633879474115576
6,14.8,-5.363402993743101
6,14.9,-5.3631442882647855
6,15,-5.362623808042135
6,15.100000000000001,-5.36185353014067
6,15.200000000000001,-5.360845431625913
6,15.3,-5.35961148956339
6,15.4,-5.358163681018618
6,15.5,-5.3565139830571225
6,15.600000000000001,-5.3546743727444275
6,15.700000000000001,-5.352656827146053
6,15.8,-5.350473323327522
6,15.9,-5.348135838354357
6,16,-5.3456563492920814
6,16.1,-5.343046833206217
6,16.200000000000003,-5.340319267162286
6,16.3,-5.337485628225811
6,16.4,-5.334557893462315
6,16.5,-5.331548039937321
6,16.6,-5.32846804471635
6,16.700000000000003,-5.325329884864925
6,16.8,-5.322145537448568
6,16.9,-5.318926979532804
6,17,-5.315686188183152
6,17.1,-5.311967324693575
6,17.2,-5.3073715239619155
6,17.3,-5.301996223459513
6,17.400000000000002,-5.295938860657714
6,17.5,-5.289296873027857
6,17.6,-5.282167698041287
6,17.7,-5.274648773169349
6,17.8,-5.266837535883381
6,17.900000000000002,-5.258831423654728
6,18,-5.250727873954732
6,18.1,-5.242624324254736
6,18.2,-5.234618212026084
6,18.3,-5.226806974740116
6,18.400000000000002,-5.219288049868176
6,18.5,-5.212158874881608
6,18.6,-5.2055168872517505
6,18.7,-5.199459524449952
6,18.8,-5.1940842239475495
6,18.900000000000002,-5.189488423215889
6,19,-5.185769559726313
7,1,-4.9040152044032626
7,1.1,-4.881233444242749
7,1.2,-4.8481416904329535
7,1.3,-4.807733166936568
7,1.4,-4.763001097716292
7,1.5,-4.716938706734816
7,1.6,-4.672539217954839
7,1.7000000000000002,-4.632795855339054
7,1.8,-4.600701842850156
7,1.9,-4.57925040445084
7,2,-4.5714347641038025
7,2.1,-4.569152261775224
7,2.2,-4.562956898311938
7,2.3,-4.553826888997624
7,2.4000000000000004,-4.542740449115955
7,2.5,-4.530675793950611
7,2.6,-4.518611138785266
7,2.7,-4.507524698903598
7,2.8,-4.498394689589284
7,2.9000000000000004,-4.4921993261259985
7,3,-4.48991682379742
7,3.1,-4.478277538679322
7,3.2,-4.446685193358769
7,3.3000000000000003,-4.400128052886377
7,3.4000000000000004,-4.343594382312759
7,3.5,-4.282072446688526
7,3.6,-4.2205505110642925
7,3.7,-4.164016840490674
7,3.8000000000000003,-4.117459700018282
7,3.9000000000000004,-4.085867354697729
7,4,-4.074228069579632
7,4.1,-4.070175085400169
7,4.2,-4.059174128341625
7,4.300000000000001,-4.042962191623772
7,4.4,-4.023276268466381
7,4.5,-4.001853352089218
7,4.6,-3.980430435712056
7,4.7,-3.9607445125546636
7,4.800000000000001,-3.9445325758368104
7,4.9,-3.933531618778268
7,5,-3.9294786345988046
7,5.1000000000000005,-3.9335585302933245
7,5.2,-3.9446325328927347
7,5.3,-3.960952115670814
7,5.4,-3.980768751901339
7,5.5,-4.002333914858085
7,5.6000000000000005,-4.023899077814834
7,5.7,-4.043715714045358
7,5.800000000000001,-4.060035296823436
7,5.9,-4.071109299422847
7,6,-4.075189195117367
7,6.1000000000000005,-4.077974191741814
7,6.2,-4.085533468293882
7,6.300000000000001,-4.0966734547916674
7,6.4,-4.110200581253266
7,6.5,-4.124921277696767
7,6.6000000000000005,-4.139641974140271
7,6.7,-4.153169100601868
7,6.800000000000001,-4.164309087099654
7,6.9,-4.171868363651723
7,7,-4.174653360276169
7,7.1000000000000005,-4.178035373338369
7,7.2,-4.187215123078622
7,7.300000000000001,-4.200743175327418
7,7.4,-4.217170095915241
7,7.5,-4.235046450672577
7,7.6000000000000005,-4.252922805429915
7,7.7,-4.2693497260177375
7,7.800000000000001,-4.282877778266533
7,7.9,-4.2920575280067865
7,8,-4.295439541068986
7,8.100000000000001,-4.313922417738133
7,8.2,-4.364090225840098
7,8.3,-4.438021732516681
7,8.4,-4.527795704909675
7,8.5,-4.625490910160872
7,8.600000000000001,-4.723186115412073
7,8.7,-4.812960087805063
7,8.8,-4.886891594481647
7,8.9,-4.937059402583614
7,9,-4.955542279252759
7,9.1,-4.984300462252838
7,9.200000000000001,-5.062358387538766
7,9.3,-5.17739111953908
7,9.4,-5.31707372268232
7,9.5,-5.4690812613970206
7,9.6,-5.621088800111721
7,9.700000000000001,-5.760771403254962
7,9.8,-5.875804135255275
7,9.9,-5.953862060541202
7,10,-5.982620243541281
7,10.1,-5.969516944417827
7,10.200000000000001,-5.933950846797024
7,10.3,-5.881537650303208
7,10.4,-5.81789305456072
7,10.5,-5.748632759193892
7,10.600000000000001,-5.679372463827065
7,10.700000000000001,-5.615727868084576
7,10.8,-5.563314671590761
7,10.9,-5.5277485739699586
7,11,-5.5146452748465045
7,11.100000000000001,-5.493603952108142
7,11.200000000000001,-5.436491790389732
7,11.3,-5.352326499436285
7,11.4,-5.250125788992815
7,11.5,-5.138907368804332
7,11.600000000000001,-5.027688948615847
7,11.700000000000001,-4.925488238172377
7,11.8,-4.841322947218931
7,11.9,-4.7842107855005205
7,12,-4.763169462762159
7,12.100000000000001,-4.7667544861557145
7,12.200000000000001,-4.776594231214624
7,12.3,-4.791315710256245
7,12.4,-4.809545935597944
7,12.5,-4.829911919557079
7,12.600000000000001,-4.851040674451014
7,12.700000000000001,-4.871559212597111
7,12.8,-4.890094546312728
7,12.9,-4.905273687915229
7,13,-4.915723649721977
7,13.100000000000001,-4.923608084179143
7,13.200000000000001,-4.931976682321521
7,13.3,-4.940785514349405
7,13.4,-4.949990650463095
7,13.5,-4.959548160862882
7,13.600000000000001,-4.969414115749064
7,13.700000000000001,-4.979544585321937
7,13.8,-4.989895639781794
7,13.9,-5.000423349328934
7,14,-5.011083784163649
7,14.100000000000001,-5.021833014486236
7,14.200000000000001,-5.032627110496992
7,14.3,-5.043422142396211
7,14.4,-5.054174180384187
7,14.5,-5.064839294661219
7,14.600000000000001,-5.075373555427601
7,14.700000000000001,-5.085733032883626
7,14.8,-5.095873797229593
7,14.9,-5.1057519186657965
7,15,-5.115323467392532
7,15.100000000000001,-5.124544513610094
7,15.200000000000001,-5.133371127518779
7,15.3,-5.141759379318883
7,15.4,-5.149665339210701
7,15.5,-5.1570450773945264
7,15.600000000000001,-5.1638546640706595
7,15.700000000000001,-5.170050169439391
7,15.8,-5.17558766370102
7,15.9,-5.180423217055839
7,16,-5.184512899704147
7,16.1,-5.187812781846235
7,16.200000000000003,-5.190278933682404
7,16.3,-5.191867425412943
7,16.4,-5.192534327238153
7,16.5,-5.19223570935833
7,16.6,-5.190927641973765
7,16.700000000000003,-5.188566195284755
7,16.8,-5.185107439491597
7,16.9,-5.1805074447945865
7,17,-5.174722281394017
7,17.1,-5.167402993677358
7,17.2,-5.1583577603855915
7,17.3,-5.147778353249285
7,17.400000000000002,-5.135856543999007
7,17.5,-5.122784104365325
7,17.6,-5.108752806078803
7,17.7,-5.093954420870012
7,17.8,-5.078580720469519
7,17.900000000000002,-5.062823476607891
7,18,-5.046874461015696
7,18.1,-5.0309254454235
7,18.2,-5.015168201561873
7,18.3,-4.99979450116138
7,18.400000000000002,-4.984996115952589
7,18.5,-4.970964817666069
7,18.6,-4.957892378032385
7,18.7,-4.945970568782107
7,18.8,-4.935391161645801
7,18.900000000000002,-4.926345928354036
7,19,-4.919026640637377
8,1,-4.591512975392768
8,1.1,-4.621471536808955
8,1.2,-4.664987987333197
8,1.3,-4.718126165611543
8,1.4,-4.776949910290042
8,1.5,-4.837523060014741
8,1.6,-4.895909453431689
8,1.7000000000000002,-4.948172929186935
8,1.8,-4.990377325926527
8,1.9,-5.018586482296513
8,2,-5.028864236942941
8,2.1,-5.0127429720136805
8,2.2,-4.968985252919971
8,2.3,-4.904500193202928
8,2.4000000000000004,-4.826196906403659
8,2.5,-4.740984506063279
8,2.6,-4.6557721057229
8,2.7,-4.577468818923632
8,2.8,-4.512983759206588
8,2.9000000000000004,-4.469226040112878
8,3,-4.4531047751836175
8,3.1,-4.4399791717268595
8,3.2,-4.404352533772802
8,3.3000000000000003,-4.351850119945771
8,3.4000000000000004,-4.288097188870091
8,3.5,-4.218718999170085
8,3.6,-4.14934080947008
8,3.7,-4.085587878394399
8,3.8000000000000003,-4.033085464567368
8,3.9000000000000004,-3.9974588266133106
8,4,-3.984333223156553
8,4.1,-3.980689480889402
8,4.2,-3.970799323307135
8,4.300000000000001,-3.95622435423853
8,4.4,-3.938526177512368
8,4.5,-3.919266396957426
8,4.6,-3.900006616402485
8,4.7,-3.8823084396763217
8,4.800000000000001,-3.867733470607717
8,4.9,-3.85784331302545
8,5,-3.8541995707582988
8,5.1000000000000005,-3.8608424642587384
8,5.2,-3.8788731751885037
8,5.3,-3.9054447491902637
8,5.4,-3.937710231906686
8,5.5,-3.9728226689804393
8,5.6000000000000005,-4.007935106054193
8,5.7,-4.040200588770615
8,5.800000000000001,-4.0667721627723745
8,5.9,-4.08480287370214
8,6,-4.09144576720258
8,6.1000000000000005,-4.094701416652815
8,6.2,-4.103538179446311
8,6.300000000000001,-4.116560777247251
8,6.4,-4.132373931719823
8,6.5,-4.149582364528209
8,6.6000000000000005,-4.166790797336596
8,6.7,-4.182603951809167
8,6.800000000000001,-4.1956265496101075
8,6.9,-4.204463312403603
8,7,-4.207718961853838
8,7.1000000000000005,-4.210153333903484
8,7.2,-4.216760915181092
8,7.300000000000001,-4.226498403379672
8,7.4,-4.238322496192236
8,7.5,-4.251189891311789
8,7.6000000000000005,-4.264057286431342
8,7.7,-4.275881379243905
8,7.800000000000001,-4.285618867442485
8,7.9,-4.292226448720093
8,8,-4.294660820769739
8,8.100000000000001,-4.307980657797015
8,8.2,-4.344134501156763
8,8.3,-4.397413849265867
8,8.4,-4.462110200541206
8,8.5,-4.532515053399663
8,8.600000000000001,-4.602919906258123
8,8.7,-4.66761625753346
8,8.8,-4.720895605642564
8,8.9,-4.757049449002312
8,9,-4.770369286029588
8,9.1,-4.76590352694322
8,9.200000000000001,-4.753782180851651
8,9.3,-4.73591914450618
8,9.4,-4.7142283146581105
8,9.5,-4.69062358805874
8,9.6,-4.667018861459368
8,9.700000000000001,-4.645328031611298
8,9.8,-4.627464995265828
8,9.9,-4.6153436491742585
8,10,-4.610877890087891
8,10.1,-4.623552472808541
8,10.200000000000001,-4.6579549116217365
8,10.3,-4.708653242504338
8,10.4,-4.7702155014332135
8,10.5,-4.8372097243852235
8,10.600000000000001,-4.904203947337234
8,10.700000000000001,-4.9657662062661085
8,10.8,-5.01646453714871
8,10.9,-5.050866975961905
8,11,-5.063541558682555
8,11.100000000000001,-5.049205354560149
8,11.200000000000001,-5.010292800513619
8,11.3,-4.952947984023995
8,11.4,-4.883314992572311
8,11.5,-4.807537913639594
8,11.600000000000001,-4.7317608347068765
8,11.700000000000001,-4.662127843255191
8,11.8,-4.604783026765568
8,11.9,-4.565870472719038
8,12,-4.551534268596632
8,12.100000000000001,-4.5897131829015265
8,12.200000000000001,-4.694502117908575
8,12.3,-4.851279361756329
8,12.4,-5.045423202583339
8,12.5,-5.262311928528159
8,12.600000000000001,-5.487323827729342
8,12.700000000000001,-5.705837188325433
8,12.8,-5.903230298454988
8,12.9,-6.064881446256557
8,13,-6.176168919868693
8,13.100000000000001,-6.251192275526867
8,13.200000000000001,-6.31415026318694
8,13.3,-6.365569961568066
8,13.4,-6.4059784493893925
8,13.5,-6.435902805370064
8,13.600000000000001,-6.455870108229231
8,13.700000000000001,-6.466407436686041
8,13.8,-6.468041869459643
8,13.9,-6.461300485269183
8,14,-6.44671036283381
8,14.100000000000001,-6.424798580872672
8,14.200000000000001,-6.396092218104917
8,14.3,-6.361118353249694
8,14.4,-6.320404065026148
8,14.5,-6.274476432153429
8,14.600000000000001,-6.223862533350685
8,14.700000000000001,-6.169089447337064
8,14.8,-6.110684252831714
8,14.9,-6.049174028553782
8,15,-5.985085853222419
8,15.100000000000001,-5.918946805556767
8,15.200000000000001,-5.8512839642759795
8,15.3,-5.782624408099204
8,15.4,-5.713495215745585
8,15.5,-5.644423465934274
8,15.600000000000001,-5.575936237384416
8,15.700000000000001,-5.508560608815161
8,15.8,-5.442823658945658
8,15.9,-5.379252466495052
8,16,-5.318374110182493
8,16.1,-5.260715668727126
8,16.200000000000003,-5.206804220848103
8,16.3,-5.157166845264572
8,16.4,-5.112330620695681
8,16.5,-5.072822625860573
8,16.6,-5.039169939478399
8,16.700000000000003,-5.011899640268308
8,16.8,-4.991538806949448
8,16.9,-4.978614518240967
8,17,-4.97365385286201
8,17.1,-4.972734233737067
8,17.2,-4.971597761194016
8,17.3,-4.97026853005709
8,17.400000000000002,-4.968770635150524
8,17.5,-4.967128171298551
8,17.6,-4.965365233325407
8,17.7,-4.963505916055327
8,17.8,-4.961574314312544
8,17.900000000000002,-4.959594522921291
8,18,-4.957590636705804
8,18.1,-4.955586750490317
8,18.2,-4.953606959099066
8,18.3,-4.951675357356282
8,18.400000000000002,-4.949816040086202
8,18.5,-4.948053102113057
8,18.6,-4.946410638261086
8,18.7,-4.94491274335452
8,18.8,-4.943583512217593
8,18.900000000000002,-4.942447039674542
8,19,-4.941527420549599
9,1,-4.621307255894404
9,1.1,-4.638738193420517
9,1.2,-4.664057584425601
9,1.3,-4.694975232738341
9,1.4,-4.729200942187425
9,1.5,-4.764444516601536
9,1.6,-4.7984157598093615
9,1.7000000000000002,-4.828824475639589
9,1.8,-4.853380467920902
9,1.9,-4.869793540481985
9,2,-4.875773497151528
9,2.1,-4.866051886212652
9,2.2,-4.8396646565214185
9,2.3,-4.800778212765918
9,2.4000000000000004,-4.753558959634238
9,2.5,-4.702173301814468
9,2.6,-4.650787643994698
9,2.7,-4.6035683908630185
9,2.8,-4.564681947107516
9,2.9000000000000004,-4.538294717416283
9,3,-4.528573106477408
9,3.1,-4.56702112285495
9,3.2,-4.671380024451134
9,3.3000000000000003,-4.825172089961298
9,3.4000000000000004,-5.011919598080786
9,3.5,-5.215144827504932
9,3.6,-5.418370056929079
9,3.7,-5.605117565048566
9,3.8000000000000003,-5.7589096305587315
9,3.9000000000000004,-5.8632685321549145
9,4,-5.901716548532455
9,4.1,-5.8608049766037444
9,4.2,-5.749759281368669
9,4.300000000000001,-5.586112993653821
9,4.4,-5.387399644285795
9,4.5,-5.171152764091176
9,4.6,-4.954905883896559
9,4.7,-4.756192534528529
9,4.800000000000001,-4.592546246813682
9,4.9,-4.481500551578608
9,5,-4.440588979649897
9,5.1000000000000005,-4.445852398297444
9,5.2,-4.460138820340787
9,5.3,-4.481192494930976
9,5.4,-4.506757671219064
9,5.5,-4.534578598356099
9,5.6000000000000005,-4.562399525493134
9,5.7,-4.587964701781221
9,5.800000000000001,-4.60901837637141
9,5.9,-4.623304798414753
9,6,-4.6285682170623
9,6.1000000000000005,-4.62656662475505
9,6.2,-4.621133731349656
9,6.300000000000001,-4.613127362120654
9,6.4,-4.603405342342581
9,6.5,-4.592825497289971
9,6.6000000000000005,-4.582245652237362
9,6.7,-4.572523632459289
9,6.800000000000001,-4.564517263230288
9,6.9,-4.559084369824893
9,7,-4.557082777517643
9,7.1000000000000005,-4.562512903150154
9,7.2,-4.577251815581255
9,7.300000000000001,-4.5989723181113
9,7.4,-4.625347214040641
9,7.5,-4.654049306669627
9,7.6000000000000005,-4.682751399298615
9,7.7,-4.709126295227955
9,7.800000000000001,-4.730846797758
9,7.9,-4.7455857101891015
9,8,-4.751015835821613
9,8.100000000000001,-4.757096691369092
9,8.2,-4.773601870712253
9,8.3,-4.797925292902173
9,8.4,-4.827460876989933
9,8.5,-4.859602542026613
9,8.600000000000001,-4.891744207063294
9,8.7,-4.921279791151052
9,8.8,-4.9456032133409735
9,8.9,-4.962108392684134
9,9,-4.968189248231614
9,9.1,-5.001591398643399
9,9.200000000000001,-5.092254378332534
9,9.3,-5.2258629799796745
9,9.4,-5.38810199626549
9,9.5,-5.564656219870642
9,9.6,-5.7412104434757945
9,9.700000000000001,-5.903449459761612
9,9.8,-6.037058061408753
9,9.9,-6.127721041097885
9,10,-6.16112319150967
9,10.1,-6.1293208498525384
9,10.200000000000001,-6.043000208211749
9,10.3,-5.915790841583219
9,10.4,-5.761322324962864
9,10.5,-5.593224233346593
9,10.600000000000001,-5.425126141730319
9,10.700000000000001,-5.270657625109963
9,10.8,-5.143448258481435
9,10.9,-5.0571276168406465
9,11,-5.025325275183515
9,11.100000000000001,-5.037306822167332
9,11.200000000000001,-5.06982816398055
9,11.3,-5.117754351915817
9,11.4,-5.1759504372657865
9,11.5,-5.239281471323105
9,11.600000000000001,-5.3026125053804245
9,11.700000000000001,-5.360808590730392
9,11.8,-5.40873477866566
9,11.9,-5.441256120478878
9,12,-5.453237667462695
9,12.100000000000001,-5.457670460529568
9,12.200000000000001,-5.469837062776943
9,12.3,-5.488039808774951
9,12.4,-5.51058103309373
9,12.5,-5.53576307030341
9,12.600000000000001,-5.561888254974128
9,12.700000000000001,-5.587258921676017
9,12.8,-5.610177404979209
9,12.9,-5.62894603945384
9,13,-5.641867159670044
9,13.100000000000001,-5.651664151656344
9,13.200000000000001,-5.66214622769519
9,13.3,-5.673244461737608
9,13.4,-5.684889927734622
9,13.5,-5.697013699637253
9,13.600000000000001,-5.709546851396529
9,13.700000000000001,-5.722420456963472
9,13.8,-5.735565590289105
9,13.9,-5.7489133253244535
9,14,-5.762394736020542
9,14.100000000000001,-5.775940896328391
9,14.200000000000001,-5.789482880199031
9,14.3,-5.80295176158348
9,14.4,-5.816278614432764
9,14.5,-5.829394512697908
9,14.600000000000001,-5.8422305303299344
9,14.700000000000001,-5.854717741279868
9,14.8,-5.8667872194987325
9,14.9,-5.878370038937552
9,15,-5.889397273547351
9,15.100000000000001,-5.899799997279152
9,15.200000000000001,-5.90950928408398
9,15.3,-5.918456207912861
9,15.4,-5.9265718427168155
9,15.5,-5.933787262446869
9,15.600000000000001,-5.940033541054046
9,15.700000000000001,-5.945241752489369
9,15.8,-5.949342970703865
9,15.9,-5.952268269648554
9,16,-5.953948723274463
9,16.1,-5.954315405532614
9,16.200000000000003,-5.953299390374034
9,16.3,-5.950831751749743
9,16.4,-5.946843563610768
9,16.5,-5.941265899908132
9,16.6,-5.934029834592859
9,16.700000000000003,-5.9250664416159715
9,16.8,-5.914306794928495
9,16.9,-5.901681968481456
9,17,-5.887123036225874
9,17.1,-5.869319476442484
9,17.2,-5.847317697321527
9,17.3,-5.821584167678285
9,17.400000000000002,-5.792585356328048
9,17.5,-5.760787732086097
9,17.6,-5.7266577637677205
9,17.7,-5.690661920188203
9,17.8,-5.653266670162829
9,17.900000000000002,-5.614938482506884
9,18,-5.576143826035655
9,18.1,-5.537349169564424
9,18.2,-5.499020981908481
9,18.3,-5.461625731883107
9,18.400000000000002,-5.425629888303589
9,18.5,-5.391499919985213
9,18.6,-5.359702295743262
9,18.7,-5.330703484393025
9,18.8,-5.304969954749784
9,18.900000000000002,-5.2829681756288265
9,19,-5.265164615845436
10,1,-5.0271868960242525
10,1.1,-5.00765554423214
10,1.2,-4.979285186519508
10,1.3,-4.944641985895541
10,1.4,-4.906292105369421
10,1.5,-4.866801707950333
10,1.6,-4.828736956647455
10,1.7000000000000002,-4.794664014469974
10,1.8,-4.76714904442707
10,1.9,-4.748758209527927
10,2,-4.742057672781727
10,2.1,-4.7636200967341775
10,2.2,-4.8221466760336815
10,2.3,-4.908396371843479
10,2.4000000000000004,-5.013128145326805
10,2.5,-5.127100957646894
10,2.6,-5.241073769966984
10,2.7,-5.345805543450309
10,2.8,-5.432055239260106
10,2.9000000000000004,-5.490581818559612
10,3,-5.512144242512061
10,3.1,-5.5310737640785135
10,3.2,-5.582453894044595
10,3.3000000000000003,-5.658171980310401
10,3.4000000000000004,-5.750115370776023
10,3.5,-5.850171413341552
10,3.6,-5.950227455907081
10,3.7,-6.042170846372703
10,3.8000000000000003,-6.117888932638509
10,3.9000000000000004,-6.169269062604591
10,4,-6.188198584171042
10,4.1,-6.136415200647391
10,4.2,-5.995860302511763
10,4.300000000000001,-5.788726768417152
10,4.4,-5.537207477016557
10,4.5,-5.263495306962969
10,4.6,-4.98978313690938
10,4.7,-4.738263845508783
10,4.800000000000001,-4.531130311414174
10,4.9,-4.390575413278547
10,5,-4.338792029754895
10,5.1000000000000005,-4.340942356658657
10,5.2,-4.346778958254585
10,5.3,-4.355380265869635
10,5.4,-4.365824710830768
10,5.5,-4.377190724464942
10,5.6000000000000005,-4.3885567380991155
10,5.7,-4.399001183060248
10,5.800000000000001,-4.407602490675298
10,5.9,-4.413439092271226
10,6,-4.415589419174988
10,6.1000000000000005,-4.415216908211357
10,6.2,-4.414205807024355
10,6.300000000000001,-4.412715763169828
10,6.4,-4.410906424203617
10,6.5,-4.408937437681562
10,6.6000000000000005,-4.406968451159509
10,6.7,-4.405159112193297
10,6.800000000000001,-4.403669068338769
10,6.9,-4.402657967151769
10,7,-4.402285456188137
10,7.1000000000000005,-4.406561279752313
10,7.2,-4.418167086569361
10,7.300000000000001,-4.435270380826063
10,7.4,-4.456038666709202
10,7.5,-4.478639448405558
10,7.6000000000000005,-4.501240230101915
10,7.7,-4.522008515985054
10,7.800000000000001,-4.539111810241756
10,7.9,-4.550717617058804
10,8,-4.5549934406229795
10,8.100000000000001,-4.5526478761919345
10,8.2,-4.546281344164813
10,8.3,-4.5368990864406324
10,8.4,-4.525506344918416
10,8.5,-4.513108361497178
10,8.600000000000001,-4.500710378075941
10,8.7,-4.489317636553723
10,8.8,-4.479935378829544
10,8.9,-4.473568846802422
10,9,-4.471223282371377
10,9.1,-4.476079997741386
10,9.200000000000001,-4.489262510888552
10,9.3,-4.508689372368584
10,9.4,-4.532279132737197
10,9.5,-4.5579503425500985
10,9.6,-4.583621552363
10,9.700000000000001,-4.607211312731612
10,9.8,-4.626638174211645
10,9.9,-4.63982068735881
10,10,-4.644677402728819
10,10.1,-4.671624740181548
10,10.200000000000001,-4.744767513267527
10,10.3,-4.852556863078442
10,10.4,-4.983443930705983
10,10.5,-5.125879857241834
10,10.600000000000001,-5.268315783777689
10,10.700000000000001,-5.399202851405228
10,10.8,-5.506992201216143
10,10.9,-5.580134974302121
10,11,-5.60708231175485
10,11.100000000000001,-5.626408078144517
10,11.200000000000001,-5.678863729773614
10,11.3,-5.756166795332281
10,11.4,-5.850034803510664
10,11.5,-5.9521852829989035
10,11.600000000000001,-6.0543357624871446
10,11.700000000000001,-6.1482037706655275
10,11.8,-6.225506836224195
10,11.9,-6.277962487853291
10,12,-6.297288254242957
10,12.100000000000001,-6.281579692015904
10,12.200000000000001,-6.238464702073568
10,12.3,-6.17395932952418
10,12.4,-6.094079619475977
10,12.5,-6.004841617037188
10,12.600000000000001,-5.912261367316047
10,12.700000000000001,-5.822354915420788
10,12.8,-5.741138306459643
10,12.9,-5.674627585540845
10,13,-5.628838797772628
10,13.100000000000001,-5.597686781174932
10,13.200000000000001,-5.570934148578854
10,13.3,-5.54836860730936
10,13.4,-5.529777864691422
10,13.5,-5.51494962805
10,13.600000000000001,-5.503671604710066
10,13.700000000000001,-5.495731501996587
10,13.8,-5.490917027234528
10,13.9,-5.489015887748857
10,14,-5.489815790864543
10,14.100000000000001,-5.4931044439065495
10,14.200000000000001,-5.498669554199847
10,14.3,-5.506298829069402
10,14.4,-5.5157799758401795
10,14.5,-5.5269007018371505
10,14.600000000000001,-5.539448714385278
10,14.700000000000001,-5.553211720809531
10,14.8,-5.567977428434879
10,14.9,-5.583533544586285
10,15,-5.599667776588719
10,15.100000000000001,-5.616167831767147
10,15.200000000000001,-5.632821417446537
10,15.3,-5.6494162409518545
10,15.4,-5.665740009608068
10,15.5,-5.681580430740143
10,15.600000000000001,-5.6967252116730505
10,15.700000000000001,-5.710962059731755
10,15.8,-5.724078682241224
10,15.9,-5.735862786526424
10,16,-5.746102079912323
10,16.1,-5.754584269723887
10,16.200000000000003,-5.761097063286085
10,16.3,-5.765428167923884
10,16.4,-5.767365290962248
10,16.5,-5.766696139726149
10,16.6,-5.7632084215405515
10,16.700000000000003,-5.756689843730421
10,16.8,-5.746928113620728
10,16.9,-5.733710938536439
10,17,-5.716826025802519
10,17.1,-5.695311995880131
10,17.2,-5.668724788596132
10,17.3,-5.637628090324033
10,17.400000000000002,-5.602585587437349
10,17.5,-5.564160966309591
10,17.6,-5.522917913314269
10,17.7,-5.479420114824901
10,17.8,-5.434231257214994
10,17.900000000000002,-5.387915026858061
10,18,-5.341035110127619
10,18.1,-5.294155193397173
10,18.2,-5.247838963040244
10,18.3,-5.202650105430337
10,18.400000000000002,-5.159152306940967
10,18.5,-5.117909253945647
10,18.6,-5.079484632817888
10,18.7,-5.044442129931204
10,18.8,-5.013345431659106
10,18.900000000000002,-4.986758224375105
10,19,-4.965244194452718
11,1,-5.047121893123146
11,1.1,-5.0314747272968035
11,1.2,-5.008746362337369
11,1.3,-4.980992630251227
11,1.4,-4.9502693630447565
11,1.5,-4.918632392724339
11,1.6,-4.888137551296355
11,1.7000000000000002,-4.860840670767187
11,1.8,-4.838797583143213
11,1.9,-4.824064120430817
11,2,-4.818696114636378
11,2.1,-4.816591803598648
11,2.2,-4.810880102210523
11,2.3,-4.802462858059603
11,2.4000000000000004,-4.792241918733485
11,2.5,-4.781119131819768
11,2.6,-4.769996344906052
11,2.7,-4.759775405579934
11,2.8,-4.751358161429013
11,2.9000000000000004,-4.745646460040889
11,3,-4.743542149003159
11,3.1,-4.750109900060275
11,3.2,-4.767936652929591
11,3.3000000000000003,-4.794207657158058
11,3.4000000000000004,-4.826108162292625
11,3.5,-4.8608234178802405
11,3.6,-4.895538673467857
11,3.7,-4.927439178602423
11,3.8000000000000003,-4.953710182830889
11,3.9000000000000004,-4.971536935700206
11,4,-4.978104686757322
11,4.1,-4.9558455066175755
11,4.2,-4.895427731952548
11,4.300000000000001,-4.806391011393561
11,4.4,-4.6982749935719355
11,4.5,-4.580619327118988
11,4.6,-4.462963660666042
11,4.7,-4.3548476428444145
11,4.800000000000001,-4.265810922285428
11,4.9,-4.205393147620401
11,5,-4.1831339674806545
11,5.1000000000000005,-4.1878281651311795
11,5.2,-4.20056955875403
11,5.3,-4.219346349356128
11,5.4,-4.242146737944389
11,5.5,-4.266958925525731
11,5.6000000000000005,-4.291771113107075
11,5.7,-4.314571501695335
11,5.800000000000001,-4.3333482922974325
11,5.9,-4.346089685920284
11,6,-4.350783883570808
11,6.1000000000000005,-4.353469842183027
11,6.2,-4.360760301273335
11,6.300000000000001,-4.37150413572221
11,6.4,-4.384550220410131
11,6.5,-4.398747430217572
11,6.6000000000000005,-4.412944640025015
11,6.7,-4.425990724712935
11,6.800000000000001,-4.43673455916181
11,6.9,-4.444025018252117
11,7,-4.4467109768643365
11,7.1000000000000005,-4.447888031280518
11,7.2,-4.451082893267296
11,7.300000000000001,-4.4557911109320205
11,7.4,-4.461508232382045
11,7.5,-4.4677298057247175
11,7.6000000000000005,-4.47395137906739
11,7.7,-4.479668500517415
11,7.800000000000001,-4.48437671818214
11,7.9,-4.487571580168918
11,8,-4.488748634585099
11,8.100000000000001,-4.533669912213475
11,8.2,-4.6555990943476315
11,8.3,-4.835284204861131
11,8.4,-5.053473267627522
11,8.5,-5.2909143065203565
11,8.600000000000001,-5.528355345413196
11,8.7,-5.746544408179581
11,8.8,-5.9262295186930825
11,8.9,-6.048158700827241
11,9,-6.093079978455615
11,9.1,-6.066889842697996
11,9.200000000000001,-5.995802331355886
11,9.3,-5.891041788325408
11,9.4,-5.763832557502688
11,9.5,-5.625398982783844
11,9.6,-5.486965408065
11,9.700000000000001,-5.359756177242277
11,9.8,-5.2549956342118005
11,9.9,-5.183908122869692
11,10,-5.157717987112073
11,10.1,-5.173714383120357
11,10.200000000000001,-5.2171331722857
11,10.3,-5.281118756318834
11,10.4,-5.358815536930501
11,10.5,-5.4433679158314305
11,10.600000000000001,-5.527920294732361
11,10.700000000000001,-5.605617075344026
11,10.8,-5.669602659377161
11,10.9,-5.713021448542503
11,11,-5.729017844550787
11,11.100000000000001,-5.7167970882416705
11,11.200000000000001,-5.68362646397407
11,11.3,-5.634743438737604
11,11.4,-5.575385479521897
11,11.5,-5.510790053316568
11,11.600000000000001,-5.446194627111238
11,11.700000000000001,-5.386836667895531
11,11.8,-5.337953642659066
11,11.9,-5.304783018391466
11,12,-5.292562262082349
11,12.100000000000001,-5.296667840028775
11,12.200000000000001,-5.307936341200878
11,12.3,-5.3247954165979
11,12.4,-5.345672717219084
11,12.5,-5.368995894063668
11,12.600000000000001,-5.393192598130898
11,12.700000000000001,-5.416690480420013
11,12.8,-5.437917191930254
11,12.9,-5.455300383660861
11,13,-5.467267706611079
11,13.100000000000001,-5.475853080195766
11,13.200000000000001,-5.484133038499953
11,13.3,-5.492099154528135
11,13.4,-5.499743001284803
11,13.5,-5.507056151774454
11,13.600000000000001,-5.5140301790015815
11,13.700000000000001,-5.520656655970681
11,13.8,-5.526927155686243
11,13.9,-5.532833251152767
11,14,-5.538366515374745
11,14.100000000000001,-5.543518521356669
11,14.200000000000001,-5.548280842103035
11,14.3,-5.552645050618341
11,14.4,-5.556602719907074
11,14.5,-5.560145422973734
11,14.600000000000001,-5.563264732822814
11,14.700000000000001,-5.565952222458806
11,14.8,-5.568199464886208
11,14.9,-5.569998033109511
11,15,-5.5713395001332104
11,15.100000000000001,-5.572215438961802
11,15.200000000000001,-5.5726174225997775
11,15.3,-5.572537024051633
11,15.4,-5.571965816321862
11,15.5,-5.57089537241496
11,15.600000000000001,-5.569317265335419
11,15.700000000000001,-5.567223068087736
11,15.8,-5.564604353676405
11,15.9,-5.561452695105916
11,16,-5.557759665380768
11,16.1,-5.553516837505454
11,16.200000000000003,-5.548715784484468
11,16.3,-5.543348079322304
11,16.4,-5.537405295023459
11,16.5,-5.530879004592423
11,16.6,-5.523760781033692
11,16.700000000000003,-5.5160421973517595
11,16.8,-5.5077148265511235
11,16.9,-5.498770241636275
11,17,-5.489200015611708
11,17.1,-5.477880710974981
11,17.2,-5.463892225332214
11,17.3,-5.447531134350744
11,17.400000000000002,-5.4290940136979104
11,17.5,-5.408877439041049
11,17.6,-5.387177986047498
11,17.7,-5.3642922303845975
11,17.8,-5.340516747719682
11,17.900000000000002,-5.316148113720092
11,18,-5.291482904053163
11,18.1,-5.266817694386234
11,18.2,-5.242449060386645
11,18.3,-5.21867357772173
11,18.400000000000002,-5.195787822058828
11,18.5,-5.174088369065278
11,18.6,-5.153871794408418
11,18.7,-5.135434673755583
11,18.8,-5.1190735827741145
11,18.900000000000002,-5.105085097131347
11,19,-5.0937657924946205
12,1,-4.767724738102768
12,1.1,-4.733038358711494
12,1.2,-4.682654493756285
12,1.3,-4.621130477755703
12,1.4,-4.553023645228312
12,1.5,-4.48289133069267
12,1.6,-4.41529086866734
12,1.7000000000000002,-4.354779593670884
12,1.8,-4.305914840221863
12,1.9,-4.273253942838838
12,2,-4.261354236040372
12,2.1,-4.2669785479235705
12,2.2,-4.282244537320822
12,2.3,-4.304741784853615
12,2.4000000000000004,-4.332059871143435
12,2.5,-4.361788376811767
12,2.6,-4.391516882480101
12,2.7,-4.418834968769921
12,2.8,-4.441332216302712
12,2.9000000000000004,-4.456598205699965
12,3,-4.462222517583163
12,3.1,-4.480145469978388
12,3.2,-4.528793483622571
12,3.3000000000000003,-4.600485293203472
12,3.4000000000000004,-4.687539633408853
12,3.5,-4.782275238926472
12,3.6,-4.877010844444091
12,3.7,-4.9640651846494706
12,3.8000000000000003,-5.035756994230373
12,3.9000000000000004,-5.084405007874555
12,4,-5.10232796026978
12,4.1,-5.1249649281290495
12,4.2,-5.186408126604211
12,4.300000000000001,-5.276955998041291
12,4.4,-5.386906984786316
12,4.5,-5.5065595291853136
12,4.6,-5.626212073584311
12,4.7,-5.7361630603293365
12,4.800000000000001,-5.826710931766415
12,4.9,-5.888154130241577
12,5,-5.910791098100846
12,5.1000000000000005,-5.876106600491882
12,5.2,-5.781962964124692
12,5.3,-5.643224973688836
12,5.4,-5.474757413873866
12,5.5,-5.291425069369341
12,5.6000000000000005,-5.1080927248648145
12,5.7,-4.939625165049845
12,5.800000000000001,-4.800887174613988
12,5.9,-4.706743538246799
12,6,-4.672059040637835
12,6.1000000000000005,-4.665093223689886
12,6.2,-4.646186006259736
12,6.300000000000001,-4.618322738467937
12,6.4,-4.584488770435039
12,6.5,-4.54766945228159
12,6.6000000000000005,-4.510850134128141
12,6.7,-4.477016166095243
12,6.800000000000001,-4.449152898303444
12,6.9,-4.430245680873295
12,7,-4.423279863925345
12,7.1000000000000005,-4.425817124109487
12,7.2,-4.432703973180727
12,7.300000000000001,-4.4428530139172935
12,7.4,-4.45517684909741
12,7.5,-4.468588081499301
12,7.6000000000000005,-4.481999313901193
12,7.7,-4.494323149081309
12,7.800000000000001,-4.504472189817874
12,7.9,-4.511359038889116
12,8,-4.513896299073258
12,8.100000000000001,-4.511157821026908
12,8.2,-4.503724809186816
12,8.3,-4.492770897001419
12,8.4,-4.47946971791915
12,8.5,-4.464994905388446
12,8.600000000000001,-4.450520092857742
12,8.7,-4.437218913775473
12,8.8,-4.426265001590075
12,8.9,-4.418831989749984
12,9,-4.416093511703634
12,9.1,-4.425270756673384
12,9.200000000000001,-4.4501804215912735
12,9.3,-4.486889401470269
12,9.4,-4.531464591323337
12,9.5,-4.579972886163438
12,9.6,-4.62848118100354
12,9.700000000000001,-4.6730563708566075
12,9.8,-4.709765350735603
12,9.9,-4.734675015653493
12,10,-4.7438522606232425
12,10.1,-4.787757896399086
12,10.200000000000001,-4.906930336362092
12,10.3,-5.082552879465466
12,10.4,-5.295808824662423
12,10.5,-5.527881470906166
12,10.600000000000001,-5.759954117149915
12,10.700000000000001,-5.97321006234687
12,10.8,-6.148832605450244
12,10.9,-6.268005045413248
12,11,-6.311910681189091
12,11.100000000000001,-6.26584358973595
12,11.200000000000001,-6.140804341506001
12,11.3,-5.956535975693443
12,11.4,-5.732781531492482
12,11.5,-5.489284048097318
12,11.600000000000001,-5.245786564702151
12,11.700000000000001,-5.022032120501189
12,11.8,-4.837763754688632
12,11.9,-4.7127245064586845
12,12,-4.666657415005545
12,12.100000000000001,-4.671737291731703
12,12.200000000000001,-4.685679932107751
12,12.3,-4.706539851430055
12,12.4,-4.732371564994982
12,12.5,-4.761229588098896
12,12.600000000000001,-4.791168436038163
12,12.700000000000001,-4.820242624109147
12,12.8,-4.846506667608214
12,12.9,-4.86801508183173
12,13,-4.88282238207606
12,13.100000000000001,-4.894324749445299
12,13.200000000000001,-4.90715716008189
12,13.3,-4.921232321839719
12,13.4,-4.936462942572676
12,13.5,-4.952761730134646
12,13.600000000000001,-4.970041392379517
12,13.700000000000001,-4.9882146371611755
12,13.8,-5.007194172333508
12,13.9,-5.026892705750403
12,14,-5.047222945265749
12,14.100000000000001,-5.068097598733429
12,14.200000000000001,-5.0894293740073335
12,14.3,-5.1111309789413495
12,14.4,-5.133115121389361
12,14.5,-5.15529450920526
12,14.600000000000001,-5.177581850242931
12,14.700000000000001,-5.19988985235626
12,14.8,-5.222131223399137
12,14.9,-5.244218671225446
12,15,-5.2660649036890765
12,15.100000000000001,-5.287582628643916
12,15.200000000000001,-5.3086845539438485
12,15.3,-5.329283387442766
12,15.4,-5.349291836994552
12,15.5,-5.368622610453094
12,15.600000000000001,-5.387188415672281
12,15.700000000000001,-5.404901960505997
12,15.8,-5.421675952808133
12,15.9,-5.437423100432573
12,16,-5.452056111233207
12,16.1,-5.465487693063919
12,16.200000000000003,-5.477630553778599
12,16.3,-5.488397401231133
12,16.4,-5.497700943275407
12,16.5,-5.505453887765309
12,16.6,-5.511568942554728
12,16.700000000000003,-5.515958815497549
12,16.8,-5.518536214447659
12,16.9,-5.519213847258947
12,17,-5.517904421785299
12,17.1,-5.515234222247413
12,17.2,-5.511934368670024
12,17.3,-5.50807482261308
12,17.400000000000002,-5.503725545636523
12,17.5,-5.498956499300298
12,17.6,-5.49383764516435
12,17.7,-5.488438944788623
12,17.8,-5.482830359733064
12,17.900000000000002,-5.477081851557615
12,18,-5.4712633818222205
12,18.1,-5.465444912086825
12,18.2,-5.459696403911377
12,18.3,-5.454087818855816
12,18.400000000000002,-5.4486891184800905
12,18.5,-5.443570264344142
12,18.6,-5.438801218007917
12,18.7,-5.4344519410313605
12,18.8,-5.430592394974416
12,18.900000000000002,-5.427292541397028
12,19,-5.424622341859141
13,1,-5.528232986675258
13,1.1,-5.507492097338184
13,1.2,-5.477364820125936
13,1.3,-5.440576235389373
13,1.4,-5.39985142347935
13,1.5,-5.357915464746723
13,1.6,-5.317493439542352
13,1.7000000000000002,-5.28131042821709
13,1.8,-5.252091511121796
13,1.9,-5.232561768607323
13,2,-5.225446281024531
13,2.1,-5.204361167928745
13,2.2,-5.147130146668755
13,2.3,-5.0627896942856125
13,2.4000000000000004,-4.960376287820368
13,2.5,-4.848926404314072
13,2.6,-4.737476520807776
13,2.7,-4.635063114342531
13,2.8,-4.550722661959388
13,2.9000000000000004,-4.493491640699398
13,3,-4.472406527603613
13,3.1,-4.4727451450370665
13,3.2,-4.473664249499297
13,3.3000000000000003,-4.47501871923311
13,3.4000000000000004,-4.476663432481313
13,3.5,-4.47845326748671
13,3.6,-4.480243102492106
13,3.7,-4.4818878157403095
13,3.8000000000000003,-4.483242285474123
13,3.9000000000000004,-4.484161389936353
13,4,-4.484500007369807
13,4.1,-4.460207134716473
13,4.2,-4.39426933751457
13,4.300000000000001,-4.297097846901237
13,4.4,-4.179103894013622
13,4.5,-4.050698709988861
13,4.6,-3.9222935259641027
13,4.7,-3.804299573076485
13,4.800000000000001,-3.7071280824631527
13,4.9,-3.641190285261249
13,5,-3.6168974126079165
13,5.1000000000000005,-3.6257408946350025
13,5.2,-3.6497446315656643
13,5.3,-3.685118559674009
13,5.4,-3.728072615234142
13,5.5,-3.7748167345201677
13,5.6000000000000005,-3.8215608538061945
13,5.7,-3.864514909366326
13,5.800000000000001,-3.8998888374746703
13,5.9,-3.9238925744053326
13,6,-3.9327360564324185
13,6.1000000000000005,-3.9342433613003416
13,6.2,-3.938334617370417
13,6.300000000000001,-3.944363836842108
13,6.4,-3.951685031914876
13,6.5,-3.959652214788181
13,6.6000000000000005,-3.9676193976614873
13,6.7,-3.9749405927342547
13,6.800000000000001,-3.9809698122059456
13,6.9,-3.9850610682760217
13,7,-3.9865683731439443
13,7.1000000000000005,-3.9911316868608853
13,7.2,-4.00351782409258
13,7.300000000000001,-4.0217710789603425
13,7.4,-4.0439357455854825
13,7.5,-4.068056118089309
13,7.6000000000000005,-4.092176490593138
13,7.7,-4.114341157218277
13,7.800000000000001,-4.132594412086039
13,7.9,-4.144980549317735
13,8,-4.149543863034675
13,8.100000000000001,-4.154589107950457
13,8.2,-4.168283344150435
13,8.3,-4.1884643238135615
13,8.4,-4.212969799118786
13,8.5,-4.23963752224506
13,8.600000000000001,-4.266305245371335
13,8.7,-4.290810720676558
13,8.8,-4.310991700339685
13,8.9,-4.324685936539664
13,9,-4.329731181455445
13,9.1,-4.3330893685172
13,9.200000000000001,-4.34220444768482
13,9.3,-4.355637195931837
13,9.4,-4.371948390231788
13,9.5,-4.389698807558204
13,9.6,-4.407449224884623
13,9.700000000000001,-4.423760419184573
13,9.8,-4.437193167431591
13,9.9,-4.44630824659921
13,10,-4.449666433660965
13,10.1,-4.44170723051491
13,10.200000000000001,-4.42010367911848
13,10.3,-4.388266866534265
13,10.4,-4.349607879824862
13,10.5,-4.3075378060528635
13,10.600000000000001,-4.2654677322808645
13,10.700000000000001,-4.226808745571462
13,10.8,-4.194971932987247
13,10.9,-4.173368381590817
13,11,-4.165409178444762
13,11.100000000000001,-4.174488375280829
13,11.200000000000001,-4.199131909550152
13,11.3,-4.235448696894416
13,11.4,-4.279547652955309
13,11.5,-4.327537693374516
13,11.600000000000001,-4.375527733793724
13,11.700000000000001,-4.419626689854617
13,11.8,-4.455943477198881
13,11.9,-4.480587011468203
13,12,-4.4896662083042695
13,12.100000000000001,-4.50324674030449
13,12.200000000000001,-4.5405209664327515
13,12.3,-4.596287831880458
13,12.4,-4.665346281839021
13,12.5,-4.74249526149984
13,12.600000000000001,-4.822533716054324
13,12.700000000000001,-4.900260590693877
13,12.8,-4.970474830609903
13,12.9,-5.0279753809938095
13,13,-5.067561187037001
13,13.100000000000001,-5.093319965141881
13,13.200000000000001,-5.113015150509822
13,13.3,-5.126959266530685
13,13.4,-5.135464836594334
13,13.5,-5.138844384090628
13,13.600000000000001,-5.137410432409433
13,13.700000000000001,-5.1314755049406084
13,13.8,-5.121352125074016
13,13.9,-5.10735281619952
13,14,-5.089790101706981
13,14.100000000000001,-5.068976504986262
13,14.200000000000001,-5.045224549427223
13,14.3,-5.018846758419729
13,14.4,-4.990155655353639
13,14.5,-4.9594637636188175
13,14.600000000000001,-4.927083606605125
13,14.700000000000001,-4.893327707702424
13,14.8,-4.858508590300577
13,14.9,-4.822938777789446
13,15,-4.786930793558892
13,15.100000000000001,-4.75079716099878
13,15.200000000000001,-4.714850403498968
13,15.3,-4.6794030444493195
13,15.4,-4.644767607239698
13,15.5,-4.611256615259966
13,15.600000000000001,-4.579182591899981
13,15.700000000000001,-4.54885806054961
13,15.8,-4.520595544598714
13,15.9,-4.494707567437152
13,16,-4.47150665245479
13,16.1,-4.451305323041488
13,16.200000000000003,-4.434416102587109
13,16.3,-4.421151514481514
13,16.4,-4.411824082114567
13,16.5,-4.406746328876127
13,16.6,-4.406230778156059
13,16.700000000000003,-4.410589953344222
13,16.8,-4.420136377830481
13,16.9,-4.4351825750046965
13,17,-4.456041068256731
13,17.1,-4.4833708622953266
13,17.2,-4.517145236587563
13,17.3,-4.556648126660816
13,17.400000000000002,-4.601163468042459
13,17.5,-4.64997519625986
13,17.6,-4.7023672468403985
13,17.7,-4.757623555311443
13,17.8,-4.81502805720037
13,17.900000000000002,-4.873864688034551
13,18,-4.933417383341357
13,18.1,-4.992970078648164
13,18.2,-5.051806709482344
13,18.3,-5.109211211371271
13,18.400000000000002,-5.164467519842318
13,18.5,-5.216859570422853
13,18.6,-5.265671298640257
13,18.7,-5.3101866400218976
13,18.8,-5.3496895300951515
13,18.900000000000002,-5.383463904387389
13,19,-5.410793698425983
